المستخدم,إجمالى,الفروق,الإشتراكات,مرتجعات,مبلغ الفواتير,مبلغ الصندوق,التاريخ,م
Evening Cashier,9.00,0.00,0.00,0.00,9.00,9.00,8/1/2024,43931
Sys Admin,84.00,0.00,0.00,0.00,84.00,84.00,8/4/2024,43932
Sys Admin,172.00,0.00,0.00,0.00,172.00,172.00,8/5/2024,43933
Sys Admin,70.00,0.00,0.00,0.00,70.00,70.00,8/6/2024,43934
Sys Admin,763.07,0.00,0.00,0.00,763.07,763.07,8/7/2024,43935
Sys Admin,1604.37,0.00,0.00,0.00,1604.37,1604.37,8/8/2024,43936
Sys Admin,370.98,0.00,0.00,0.00,370.98,370.98,8/9/2024,43937
Sys Admin,9.00,0.00,0.00,0.00,9.00,9.00,8/10/2024,43938
Evening Cashier,639.00,0.00,0.00,0.00,639.00,639.00,8/10/2024,43939
Sys Admin,-68.00,0.00,0.00,68.00,0.00,-68.00,8/11/2024,43940
Evening Cashier,622.00,0.00,0.00,0.00,622.00,622.00,8/11/2024,43941
Evening Cashier,361.50,0.00,0.00,0.00,361.50,361.50,8/12/2024,43942
Sys Admin,638.00,0.00,0.00,0.00,638.00,638.00,8/12/2024,43943
Evening Cashier,1038.50,0.00,0.00,0.00,1038.50,1038.50,8/13/2024,43944
Sys Admin,94.00,0.00,0.00,0.00,94.00,94.00,8/13/2024,43945
Sys Admin,172.50,0.00,0.00,0.00,172.50,172.50,8/14/2024,43946
Evening Cashier,265.00,0.00,0.00,0.00,265.00,265.00,8/14/2024,43947
Evening Cashier,391.00,0.00,0.00,0.00,391.00,391.00,8/15/2024,43948
Evening Cashier,510.50,0.00,0.00,0.00,510.50,510.50,8/16/2024,43949
Evening Cashier,337.50,0.00,0.00,0.00,337.50,337.50,8/17/2024,43950
Sys Admin,20.00,0.00,0.00,0.00,20.00,20.00,8/17/2024,43951
Evening Cashier,490.00,0.00,0.00,0.00,490.00,490.00,8/18/2024,43952
Evening Cashier,482.00,0.00,0.00,0.00,482.00,482.00,8/19/2024,43953
Evening Cashier,468.50,0.00,0.00,0.00,468.50,468.50,8/20/2024,43954
Evening Cashier,269.50,0.00,0.00,0.00,269.50,269.50,8/21/2024,43955
Evening Cashier,409.00,0.00,0.00,0.00,409.00,409.00,8/22/2024,43956
Evening Cashier,423.49,0.00,0.00,0.00,423.49,423.49,8/23/2024,43957
Sys Admin,129.00,0.00,0.00,0.00,129.00,129.00,8/23/2024,43958
Evening Cashier,964.50,0.00,0.00,0.00,964.50,964.50,8/24/2024,43959
Evening Cashier,503.50,0.00,0.00,0.00,503.50,503.50,8/25/2024,43960
Evening Cashier,845.60,0.00,0.00,0.00,845.60,845.60,8/26/2024,43961
Sys Admin,29.50,0.00,0.00,0.00,29.50,29.50,8/26/2024,43962
Evening Cashier,499.44,0.00,0.00,0.00,499.44,499.44,8/27/2024,43963
Evening Cashier,570.00,0.00,0.00,0.00,570.00,570.00,8/28/2024,43964
Evening Cashier,381.46,0.00,0.00,0.00,381.46,381.46,8/29/2024,43965
Evening Cashier,687.80,0.00,0.00,0.00,687.80,687.80,8/30/2024,43966
Evening Cashier,1000.40,0.00,0.00,0.00,1000.40,1000.40,8/31/2024,43967
Evening Cashier,583.50,0.00,0.00,0.00,583.50,583.50,9/1/2024,42640
Sys Admin,308.00,0.00,0.00,0.00,308.00,308.00,9/1/2024,42641
Evening Cashier,339.50,0.00,0.00,0.00,339.50,339.50,9/2/2024,42642
Evening Cashier,398.00,0.00,0.00,0.00,398.00,398.00,9/3/2024,42643
Evening Cashier,688.00,0.00,0.00,0.00,688.00,688.00,9/4/2024,42644
Evening Cashier,403.00,0.00,0.00,0.00,403.00,403.00,9/5/2024,42645
Evening Cashier,596.00,0.00,0.00,0.00,596.00,596.00,9/6/2024,42646
Evening Cashier,594.50,0.00,0.00,0.00,594.50,594.50,9/7/2024,42647
Evening Cashier,780.50,0.00,0.00,0.00,780.50,780.50,9/8/2024,42648
Evening Cashier,481.00,0.00,0.00,0.00,481.00,481.00,9/9/2024,42649
Evening Cashier,717.58,0.00,0.00,0.00,717.58,717.58,9/10/2024,42650
Evening Cashier,563.00,0.00,0.00,0.00,563.00,563.00,9/11/2024,42651
Evening Cashier,379.50,0.00,94.00,0.00,285.50,379.50,9/12/2024,42652
Evening Cashier,969.00,0.00,294.00,0.00,675.00,969.00,9/13/2024,42653
Evening Cashier,717.00,0.00,94.00,0.00,623.00,717.00,9/14/2024,42654
Evening Cashier,627.00,0.00,0.00,0.00,627.00,627.00,9/15/2024,42655
Evening Cashier,582.00,0.00,0.00,0.00,582.00,582.00,9/16/2024,42656
Evening Cashier,624.50,0.00,0.00,0.00,624.50,624.50,9/17/2024,42657
Evening Cashier,576.00,0.00,94.00,0.00,482.00,576.00,9/18/2024,42658
Evening Cashier,1021.00,0.00,488.00,0.00,533.00,1021.00,9/19/2024,42659
Evening Cashier,744.50,0.00,0.00,0.00,744.50,744.50,9/20/2024,42660
Evening Cashier,401.00,0.00,0.00,0.00,401.00,401.00,9/21/2024,42532
Evening Cashier,703.00,0.00,0.00,0.00,703.00,703.00,9/22/2024,42533
Sys Admin,194.00,0.00,194.00,0.00,0.00,194.00,9/22/2024,42669
Evening Cashier,659.00,0.00,94.00,0.00,565.00,659.00,9/23/2024,42661
Sys Admin,0.00,0.00,0.00,0.00,0.00,0.00,9/24/2024,43968
Evening Cashier,875.75,0.00,194.00,0.00,681.75,875.75,9/24/2024,42933
Evening Cashier,782.95,0.00,388.00,0.00,394.95,782.95,9/25/2024,42663
Evening Cashier,1062.15,0.00,94.00,0.00,968.15,1062.15,9/26/2024,42664
Evening Cashier,575.01,0.00,288.00,0.00,287.01,575.01,9/27/2024,42665
Evening Cashier,1070.30,0.00,476.00,0.00,594.30,1070.30,9/28/2024,42666
Evening Cashier,870.00,0.00,94.00,0.00,776.00,870.00,9/29/2024,42667
Evening Cashier,837.55,0.00,0.00,0.00,837.55,837.55,9/30/2024,42668
Evening Cashier,920.05,0.00,288.00,0.00,632.05,920.05,10/1/2024,42670
Evening Cashier,390.00,0.00,94.00,0.00,296.00,390.00,10/2/2024,42671
Evening Cashier,918.05,0.00,188.00,0.00,730.05,918.05,10/3/2024,42672
Evening Cashier,689.00,0.00,194.00,0.00,495.00,689.00,10/4/2024,42673
Evening Cashier,821.10,0.00,0.00,0.00,821.10,821.10,10/5/2024,42695
Evening Cashier,502.50,0.00,0.00,0.00,502.50,502.50,10/6/2024,42753
Evening Cashier,744.50,0.00,0.00,0.00,744.50,744.50,10/7/2024,42754
Evening Cashier,976.35,0.00,199.00,0.00,777.35,976.35,10/8/2024,42783
Evening Cashier,1046.00,0.00,398.00,0.00,648.00,1046.00,10/9/2024,42799
Evening Cashier,465.33,0.00,0.00,0.00,465.33,465.33,10/10/2024,42834
Evening Cashier,946.00,0.00,0.00,0.00,946.00,946.00,10/11/2024,42833
Evening Cashier,746.00,0.00,198.00,0.00,548.00,746.00,10/12/2024,42832
Evening Cashier,658.00,0.00,0.00,0.00,658.00,658.00,10/13/2024,42853
Evening Cashier,934.00,0.00,99.00,0.00,835.00,934.00,10/14/2024,42881
Evening Cashier,406.00,0.00,0.00,0.00,406.00,406.00,10/15/2024,42930
Evening Cashier,804.50,0.00,0.00,0.00,804.50,804.50,10/16/2024,42931
Evening Cashier,494.00,0.00,0.00,0.00,494.00,494.00,10/17/2024,42906
Evening Cashier,1043.00,0.00,299.00,0.00,744.00,1043.00,10/18/2024,43075
Evening Cashier,769.00,0.00,99.00,0.00,670.00,769.00,10/19/2024,42948
Evening Cashier,659.50,0.00,198.00,0.00,461.50,659.50,10/20/2024,42966
Evening Cashier,430.50,0.00,0.00,0.00,430.50,430.50,10/21/2024,43076
Evening Cashier,920.00,0.00,99.00,0.00,821.00,920.00,10/22/2024,42985
Evening Cashier,433.50,0.00,99.00,0.00,334.50,433.50,10/23/2024,43077
Evening Cashier,550.50,0.00,0.00,0.00,550.50,550.50,10/24/2024,43078
Evening Cashier,426.50,0.00,0.00,0.00,426.50,426.50,10/25/2024,43079
Evening Cashier,629.00,0.00,0.00,0.00,629.00,629.00,10/26/2024,43080
Evening Cashier,616.00,0.00,99.00,0.00,517.00,616.00,10/27/2024,43081
Evening Cashier,643.50,0.00,99.00,0.00,544.50,643.50,10/28/2024,43082
Evening Cashier,919.00,0.00,497.00,0.00,422.00,919.00,10/29/2024,43115
Sys Admin,3.00,0.00,0.00,0.00,3.00,3.00,10/29/2024,43116
Evening Cashier,500.00,0.00,99.00,0.00,401.00,500.00,10/30/2024,43117
Evening Cashier,1048.50,0.00,99.00,0.00,949.50,1048.50,10/31/2024,43123
Evening Cashier,657.00,0.00,0.00,0.00,657.00,657.00,11/1/2024,43145
Evening Cashier,984.50,0.00,199.00,0.00,785.50,984.50,11/2/2024,43146
Evening Cashier,497.00,0.00,0.00,0.00,497.00,497.00,11/3/2024,43170
Sys Admin,293.00,0.00,299.00,12.00,6.00,293.00,11/3/2024,43171
Sys Admin,99.00,0.00,99.00,0.00,0.00,99.00,11/4/2024,43172
Evening Cashier,238.50,0.00,0.00,0.00,238.50,238.50,11/4/2024,43187
Evening Cashier,526.50,0.00,0.00,0.00,526.50,526.50,11/5/2024,43188
Evening Cashier,741.00,0.00,99.00,0.00,642.00,741.00,11/6/2024,43233
Evening Cashier,877.50,0.00,99.00,0.00,778.50,877.50,11/7/2024,43234
Evening Cashier,549.50,0.00,0.00,0.00,549.50,549.50,11/8/2024,43266
Evening Cashier,556.50,0.00,0.00,0.00,556.50,556.50,11/9/2024,43267
Evening Cashier,618.00,0.00,0.00,0.00,618.00,618.00,11/10/2024,43279
Evening Cashier,1119.00,0.00,0.00,0.00,1119.00,1119.00,11/11/2024,43278
Evening Cashier,518.50,0.00,0.00,0.00,518.50,518.50,11/12/2024,43304
Evening Cashier,704.50,0.00,0.00,0.00,704.50,704.50,11/13/2024,43313
Evening Cashier,565.00,0.00,99.00,0.00,466.00,565.00,11/14/2024,43333
Sys Admin,20.00,0.00,0.00,0.00,20.00,20.00,11/15/2024,43358
Evening Cashier,732.00,0.00,396.00,0.00,336.00,732.00,11/15/2024,43359
Evening Cashier,678.50,0.00,99.00,0.00,579.50,678.50,11/16/2024,43378
Evening Cashier,627.00,0.00,99.00,0.00,528.00,627.00,11/17/2024,43468
Evening Cashier,560.50,0.00,199.00,0.00,361.50,560.50,11/18/2024,43469
Evening Cashier,1029.00,0.00,199.00,0.00,830.00,1029.00,11/19/2024,43470
Evening Cashier,443.00,0.00,0.00,0.00,443.00,443.00,11/20/2024,43471
Evening Cashier,700.50,0.00,0.00,0.00,700.50,700.50,11/21/2024,43472
Evening Cashier,728.50,0.00,298.00,0.00,430.50,728.50,11/22/2024,43473
Evening Cashier,639.00,0.00,0.00,0.00,639.00,639.00,11/23/2024,43474
Evening Cashier,675.00,0.00,99.00,0.00,576.00,675.00,11/24/2024,43533
Evening Cashier,1106.81,0.00,0.00,0.00,1106.81,1106.81,11/25/2024,43534
Evening Cashier,784.00,0.00,199.00,0.00,585.00,784.00,11/26/2024,43540
Evening Cashier,918.50,0.00,99.00,0.00,819.50,918.50,11/27/2024,43553
Evening Cashier,1328.50,0.00,397.00,0.00,931.50,1328.50,11/28/2024,43566
Evening Cashier,1127.00,0.00,297.00,0.00,830.00,1127.00,11/29/2024,43575
Evening Cashier,707.50,0.00,99.00,0.00,608.50,707.50,11/30/2024,43654
Evening Cashier,1310.00,0.00,298.00,0.00,1012.00,1310.00,12/1/2024,43653
Evening Cashier,614.50,0.00,99.00,0.00,515.50,614.50,12/2/2024,43655
Evening Cashier,939.00,0.00,398.00,0.00,541.00,939.00,12/3/2024,43656
Evening Cashier,648.50,0.00,99.00,0.00,549.50,648.50,12/4/2024,43684
Evening Cashier,1017.50,0.00,199.00,0.00,818.50,1017.50,12/5/2024,43685
Evening Cashier,827.50,0.00,298.00,0.00,529.50,827.50,12/6/2024,43698
Evening Cashier,1355.00,0.00,498.00,0.00,857.00,1355.00,12/7/2024,43705
Sys Admin,1.00,0.00,0.00,60.00,61.00,1.00,12/7/2024,43706
Sys Admin,20.00,0.00,0.00,0.00,20.00,20.00,12/8/2024,43732
Evening Cashier,702.00,0.00,0.00,0.00,702.00,702.00,12/8/2024,43733
Evening Cashier,485.50,0.00,0.00,0.00,485.50,485.50,12/9/2024,43761
Evening Cashier,1276.50,0.00,199.00,0.00,1077.50,1276.50,12/10/2024,43762
Evening Cashier,1163.00,0.00,0.00,0.00,1163.00,1163.00,12/11/2024,43785
Evening Cashier,921.00,0.00,0.00,0.00,921.00,921.00,12/12/2024,43812
Evening Cashier,1204.00,0.00,99.00,0.00,1105.00,1204.00,12/13/2024,43863
Evening Cashier,780.50,0.00,99.00,0.00,681.50,780.50,12/14/2024,43862
Evening Cashier,1144.50,0.00,299.00,0.00,845.50,1144.50,12/15/2024,43969
Evening Cashier,647.00,0.00,0.00,0.00,647.00,647.00,12/16/2024,43883
Evening Cashier,996.00,0.00,298.00,0.00,698.00,996.00,12/17/2024,43895
Evening Cashier,838.00,0.00,0.00,0.00,838.00,838.00,12/18/2024,43929
Evening Cashier,703.50,0.00,99.00,0.00,604.50,703.50,12/19/2024,43930
Sys Admin,5.00,0.00,0.00,0.00,5.00,5.00,12/20/2024,43982
Evening Cashier,707.00,0.00,0.00,0.00,707.00,707.00,12/20/2024,43983
Evening Cashier,1306.00,0.00,299.00,0.00,1007.00,1306.00,12/21/2024,44101
Evening Cashier,559.00,0.00,0.00,0.00,559.00,559.00,12/22/2024,44102
Evening Cashier,549.00,0.00,99.00,0.00,450.00,549.00,12/23/2024,44099
Evening Cashier,650.50,0.00,0.00,0.00,650.50,650.50,12/24/2024,44100
Evening Cashier,1253.50,0.00,597.00,0.00,656.50,1253.50,12/25/2024,44116
Evening Cashier,952.50,0.00,99.00,0.00,853.50,952.50,12/26/2024,44135
Evening Cashier,959.00,0.00,198.00,0.00,761.00,959.00,12/27/2024,44146
Sys Admin,-80.00,0.00,0.00,80.00,0.00,-80.00,12/28/2024,44180
Evening Cashier,1232.50,0.00,497.00,0.00,735.50,1232.50,12/28/2024,44181
Sys Admin,14.00,0.00,0.00,60.00,74.00,14.00,12/29/2024,44212
Evening Cashier,813.00,0.00,0.00,0.00,813.00,813.00,12/29/2024,44213
Evening Cashier,1121.00,0.00,0.00,0.00,1121.00,1121.00,12/30/2024,44226
Evening Cashier,919.00,0.00,0.00,0.00,919.00,919.00,12/31/2024,44239
Sys Admin,45.00,0.00,0.00,0.00,45.00,45.00,1/1/2025,44269
Evening Cashier,1236.00,0.00,198.00,0.00,1038.00,1236.00,1/1/2025,44270
Evening Cashier,1375.50,0.00,597.00,0.00,778.50,1375.50,1/2/2025,44313
Sys Admin,99.00,0.00,99.00,0.00,0.00,99.00,1/3/2025,44314
Evening Cashier,1376.50,0.00,297.00,0.00,1079.50,1376.50,1/3/2025,44315
Evening Cashier,1126.00,0.00,298.00,0.00,828.00,1126.00,1/4/2025,44316
Evening Cashier,1702.50,0.00,498.00,0.00,1204.50,1702.50,1/5/2025,44358
Evening Cashier,745.00,0.00,0.00,0.00,745.00,745.00,1/6/2025,44378
Evening Cashier,977.50,0.00,99.00,0.00,878.50,977.50,1/7/2025,44402
Sys Admin,0.00,0.00,0.00,0.00,0.00,0.00,1/8/2025,44417
Evening Cashier,1246.50,0.00,397.00,0.00,849.50,1246.50,1/8/2025,44419
Evening Cashier,938.50,0.00,397.00,0.00,541.50,938.50,1/9/2025,44435
Evening Cashier,988.50,0.00,99.00,0.00,889.50,988.50,1/10/2025,44447
Evening Cashier,921.00,0.00,0.00,0.00,921.00,921.00,1/11/2025,44481
Evening Cashier,728.00,0.00,99.00,0.00,629.00,728.00,1/12/2025,44503
Evening Cashier,896.00,0.00,99.00,0.00,797.00,896.00,1/13/2025,44566
Evening Cashier,1326.00,0.00,398.00,0.00,928.00,1326.00,1/14/2025,44524
Evening Cashier,979.00,0.00,0.00,0.00,979.00,979.00,1/15/2025,44565
Evening Cashier,1107.00,0.00,496.00,0.00,611.00,1107.00,1/16/2025,44564
Sys Admin,0.00,0.00,0.00,0.00,0.00,0.00,1/17/2025,44612
Evening Cashier,846.00,0.00,0.00,0.00,846.00,846.00,1/17/2025,44613
Evening Cashier,978.00,0.00,298.00,0.00,680.00,978.00,1/18/2025,44614
Evening Cashier,769.50,0.00,298.00,0.00,471.50,769.50,1/19/2025,44615
Evening Cashier,1011.00,0.00,99.00,0.00,912.00,1011.00,1/20/2025,44622
Evening Cashier,1152.00,0.00,597.00,0.00,555.00,1152.00,1/21/2025,44665
Evening Cashier,642.00,0.00,299.00,0.00,343.00,642.00,1/22/2025,44666
Evening Cashier,738.00,0.00,0.00,0.00,738.00,738.00,1/23/2025,44699
Evening Cashier,734.00,0.00,99.00,0.00,635.00,734.00,1/24/2025,44698
Evening Cashier,1079.50,0.00,99.00,0.00,980.50,1079.50,1/25/2025,44710
Evening Cashier,1485.00,0.00,896.00,0.00,589.00,1485.00,1/26/2025,44756
Sys Admin,0.00,0.00,0.00,0.00,0.00,0.00,1/26/2025,44911
Sys Admin,199.00,0.00,199.00,0.00,0.00,199.00,1/27/2025,44769
Evening Cashier,1665.00,0.00,298.00,0.00,1367.00,1665.00,1/27/2025,44770
Evening Cashier,756.50,0.00,0.00,0.00,756.50,756.50,1/28/2025,44810
Evening Cashier,987.50,0.00,99.00,0.00,888.50,987.50,1/29/2025,44809
Evening Cashier,1190.00,0.00,0.00,0.00,1190.00,1190.00,1/30/2025,44865
Evening Cashier,1593.50,0.00,597.00,0.00,996.50,1593.50,1/31/2025,44866
Sys Admin,-24.00,0.00,0.00,24.00,0.00,-24.00,2/1/2025,44908
Evening Cashier,830.50,0.00,99.00,0.00,731.50,830.50,2/1/2025,44909
Evening Cashier,1166.00,0.00,298.00,0.00,868.00,1166.00,2/2/2025,44910
Evening Cashier,674.00,0.00,198.00,0.00,476.00,674.00,2/3/2025,44907
Evening Cashier,577.00,0.00,0.00,0.00,577.00,577.00,2/4/2025,44932
Evening Cashier,937.00,0.00,198.00,0.00,739.00,937.00,2/5/2025,44945
Evening Cashier,1058.00,0.00,396.00,0.00,662.00,1058.00,2/6/2025,44959
Evening Cashier,644.50,0.00,99.00,0.00,545.50,644.50,2/7/2025,45019
Evening Cashier,761.00,0.00,0.00,0.00,761.00,761.00,2/8/2025,45020
Evening Cashier,1144.00,0.00,298.00,0.00,846.00,1144.00,2/9/2025,45093
Evening Cashier,898.50,0.00,99.00,0.00,799.50,898.50,2/10/2025,45035
Evening Cashier,1074.00,0.00,0.00,0.00,1074.00,1074.00,2/11/2025,45056
Evening Cashier,658.50,0.00,0.00,0.00,658.50,658.50,2/12/2025,45092
Evening Cashier,899.59,0.00,0.00,0.00,899.59,899.59,2/13/2025,45091
Evening Cashier,527.50,0.00,99.00,0.00,428.50,527.50,2/14/2025,45132
Evening Cashier,1004.00,0.00,298.00,0.00,706.00,1004.00,2/15/2025,45131
Evening Cashier,745.00,0.00,99.00,0.00,646.00,745.00,2/16/2025,45149
Evening Cashier,562.50,0.00,0.00,0.00,562.50,562.50,2/17/2025,45163
Evening Cashier,572.00,0.00,99.00,0.00,473.00,572.00,2/18/2025,45232
Evening Cashier,831.00,0.00,199.00,0.00,632.00,831.00,2/19/2025,45233
Evening Cashier,926.50,0.00,99.00,0.00,827.50,926.50,2/20/2025,45234
Evening Cashier,820.50,0.00,297.00,0.00,523.50,820.50,2/21/2025,45235
Evening Cashier,794.50,0.00,297.00,0.00,497.50,794.50,2/22/2025,45285
Evening Cashier,1303.51,0.00,0.00,0.00,1303.51,1303.51,2/23/2025,45315
Evening Cashier,2088.50,0.00,495.00,0.00,1593.50,2088.50,2/24/2025,45316
Evening Cashier,1229.50,0.00,198.00,0.00,1031.50,1229.50,2/25/2025,45340
Evening Cashier,696.50,0.00,99.00,0.00,597.50,696.50,2/26/2025,45414
Evening Cashier,1531.50,0.00,496.00,0.00,1035.50,1531.50,2/27/2025,45413
Evening Cashier,2354.00,0.00,1296.00,0.00,1058.00,2354.00,2/28/2025,45412
Evening Cashier,1807.00,0.00,495.00,0.00,1312.00,1807.00,3/1/2025,45440
Evening Cashier,1941.50,0.00,697.00,0.00,1244.50,1941.50,3/2/2025,45441
Evening Cashier,1780.50,0.00,795.00,0.00,985.50,1780.50,3/3/2025,45466
Evening Cashier,1674.50,0.00,995.00,0.00,679.50,1674.50,3/4/2025,45480
Evening Cashier,1560.00,0.00,299.00,0.00,1261.00,1560.00,3/5/2025,45491
Evening Cashier,1841.50,0.00,497.00,0.00,1344.50,1841.50,3/6/2025,45517
Sys Admin,99.00,0.00,99.00,0.00,0.00,99.00,3/6/2025,45613
Evening Cashier,1692.00,0.00,495.00,0.00,1197.00,1692.00,3/7/2025,45528
Sys Admin,0.00,0.00,0.00,0.00,0.00,0.00,3/7/2025,45529
Evening Cashier,1989.00,0.00,597.00,0.00,1392.00,1989.00,3/8/2025,45556
Evening Cashier,1816.00,0.00,99.00,0.00,1717.00,1816.00,3/9/2025,45577
Evening Cashier,1759.00,0.00,199.00,0.00,1560.00,1759.00,3/10/2025,45612
Evening Cashier,1568.50,0.00,297.00,0.00,1271.50,1568.50,3/11/2025,45611
Evening Cashier,1628.00,0.00,297.00,0.00,1331.00,1628.00,3/12/2025,45627
Evening Cashier,1982.50,0.00,99.00,0.00,1883.50,1982.50,3/13/2025,45646
Sys Admin,94.00,0.00,0.00,0.00,94.00,94.00,3/14/2025,45656
Evening Cashier,2166.50,0.00,497.00,0.00,1669.50,2166.50,3/14/2025,45657
Sys Admin,0.00,0.00,0.00,0.00,0.00,0.00,3/15/2025,45684
Evening Cashier,2445.50,0.00,398.00,0.00,2047.50,2445.50,3/15/2025,45685
Sys Admin,-6.00,0.00,0.00,6.00,0.00,-6.00,3/16/2025,45697
Evening Cashier,1939.00,0.00,0.00,0.00,1939.00,1939.00,3/16/2025,45698
Evening Cashier,2147.70,0.00,198.00,0.00,1949.70,2147.70,3/17/2025,45722
Sys Admin,40.00,0.00,0.00,0.00,40.00,40.00,3/18/2025,45744
Evening Cashier,2264.00,0.00,499.00,0.00,1765.00,2264.00,3/18/2025,45745
Evening Cashier,2406.70,0.00,398.00,0.00,2008.70,2406.70,3/19/2025,45765
Evening Cashier,2735.00,0.00,0.00,0.00,2735.00,2735.00,3/20/2025,45773
Sys Admin,20.50,0.00,0.00,0.00,20.50,20.50,3/21/2025,45821
Evening Cashier,2464.60,0.00,99.00,0.00,2365.60,2464.60,3/21/2025,45822
Evening Cashier,2118.20,0.00,99.00,0.00,2019.20,2118.20,3/22/2025,45855
Evening Cashier,2794.00,0.00,0.00,0.00,2794.00,2794.00,3/23/2025,45869
Evening Cashier,2372.89,0.00,0.00,0.00,2372.89,2372.89,3/24/2025,45886
Evening Cashier,1659.50,0.00,0.00,0.00,1659.50,1659.50,3/25/2025,45910
Sys Admin,501.00,0.00,299.00,9.00,211.00,501.00,3/26/2025,45933
Evening Cashier,2417.90,0.00,0.00,0.00,2417.90,2417.90,3/26/2025,45934
Sys Admin,1403.00,0.00,0.00,14.00,1417.00,1403.00,3/27/2025,45955
Evening Cashier,1755.50,0.00,99.00,0.00,1656.50,1755.50,3/27/2025,45956
Evening Cashier,1690.00,0.00,0.00,0.00,1690.00,1690.00,3/28/2025,45984
Sys Admin,0.50,0.00,0.00,0.00,0.50,0.50,3/29/2025,46012
Evening Cashier,2307.40,0.00,0.00,0.00,2307.40,2307.40,3/29/2025,46013
Evening Cashier,1070.50,0.00,0.00,0.00,1070.50,1070.50,3/30/2025,46024
Evening Cashier,938.70,0.00,99.00,0.00,839.70,938.70,3/31/2025,46016
Evening Cashier,1542.40,0.00,198.00,0.00,1344.40,1542.40,4/1/2025,46023
Evening Cashier,1035.00,0.00,99.00,0.00,936.00,1035.00,4/2/2025,46032
Evening Cashier,1141.20,0.00,0.00,0.00,1141.20,1141.20,4/3/2025,46074
Sys Admin,8.00,0.00,0.00,0.00,8.00,8.00,4/4/2025,46088
Evening Cashier,1351.58,0.00,499.00,0.00,852.58,1351.58,4/4/2025,46089
Evening Cashier,1163.00,0.00,397.00,0.00,766.00,1163.00,4/5/2025,46108
Evening Cashier,907.80,0.00,99.00,0.00,808.80,907.80,4/6/2025,46130
Evening Cashier,900.30,0.00,99.00,0.00,801.30,900.30,4/7/2025,46156
Evening Cashier,1100.00,0.00,397.00,0.00,703.00,1100.00,4/8/2025,46229
Evening Cashier,655.00,0.00,99.00,0.00,556.00,655.00,4/9/2025,46228
Evening Cashier,1130.45,0.00,0.00,0.00,1130.45,1130.45,4/10/2025,46230
Evening Cashier,601.50,0.00,0.00,0.00,601.50,601.50,4/11/2025,46292
Evening Cashier,634.15,0.00,99.00,0.00,535.15,634.15,4/12/2025,46293
Evening Cashier,809.60,0.00,198.00,0.00,611.60,809.60,4/13/2025,46294
Evening Cashier,953.90,0.00,198.00,0.00,755.90,953.90,4/14/2025,46325
Evening Cashier,928.00,0.00,0.00,0.00,928.00,928.00,4/15/2025,46328
Evening Cashier,975.50,0.00,199.00,0.00,776.50,975.50,4/16/2025,46344
Evening Cashier,1077.75,0.00,99.00,0.00,978.75,1077.75,4/17/2025,46387
Evening Cashier,795.75,0.00,0.00,0.00,795.75,795.75,4/18/2025,46388
Evening Cashier,551.00,0.00,99.00,0.00,452.00,551.00,4/19/2025,46450
Evening Cashier,600.60,0.00,0.00,0.00,600.60,600.60,4/20/2025,46448
Evening Cashier,847.60,0.00,0.00,0.00,847.60,847.60,4/21/2025,46458
Evening Cashier,1171.50,0.00,397.00,0.00,774.50,1171.50,4/22/2025,46477
Evening Cashier,794.50,0.00,0.00,0.00,794.50,794.50,4/23/2025,46497
Evening Cashier,847.00,0.00,99.00,0.00,748.00,847.00,4/24/2025,46511
Evening Cashier,1482.70,0.00,0.00,0.00,1482.70,1482.70,4/25/2025,46546
Evening Cashier,1700.70,0.00,998.00,0.00,702.70,1700.70,4/26/2025,46547
Evening Cashier,1506.76,0.00,398.00,0.00,1108.76,1506.76,4/27/2025,46577
Evening Cashier,1172.44,0.00,0.00,0.00,1172.44,1172.44,4/28/2025,46599
Evening Cashier,1122.40,0.00,199.00,0.00,923.40,1122.40,4/29/2025,46633
Evening Cashier,1163.50,0.00,298.00,0.00,865.50,1163.50,4/30/2025,46632
Evening Cashier,1291.80,0.00,99.00,0.00,1192.80,1291.80,5/1/2025,46657
Evening Cashier,1801.10,0.00,497.00,0.00,1304.10,1801.10,5/2/2025,46702
Evening Cashier,1534.18,0.00,0.00,0.00,1534.18,1534.18,5/3/2025,46717
Evening Cashier,1476.00,0.00,99.00,0.00,1377.00,1476.00,5/4/2025,46724
Evening Cashier,1194.95,0.00,198.00,0.00,996.95,1194.95,5/5/2025,46769
Evening Cashier,1142.00,0.00,297.00,0.00,845.00,1142.00,5/6/2025,46768
Evening Cashier,1990.26,0.00,698.00,0.00,1292.26,1990.26,5/7/2025,46793
Sys Admin,-11.00,0.00,0.00,11.00,0.00,-11.00,5/8/2025,46809
Evening Cashier,1245.50,0.00,198.00,0.00,1047.50,1245.50,5/8/2025,46810
Evening Cashier,1424.50,0.00,0.00,0.00,1424.50,1424.50,5/9/2025,46840
Evening Cashier,1354.00,0.00,0.00,0.00,1354.00,1354.00,5/10/2025,46841
Evening Cashier,1105.75,0.00,198.00,0.00,907.75,1105.75,5/11/2025,46856
Evening Cashier,1072.50,0.00,99.00,0.00,973.50,1072.50,5/12/2025,46870
Evening Cashier,753.50,0.00,99.00,0.00,654.50,753.50,5/13/2025,46906
Evening Cashier,2330.25,0.00,1197.00,0.00,1133.25,2330.25,5/14/2025,46907
Evening Cashier,1303.00,0.00,397.00,0.00,906.00,1303.00,5/15/2025,46944
Evening Cashier,1581.00,0.00,99.00,0.00,1482.00,1581.00,5/16/2025,46954
Evening Cashier,1558.25,0.00,99.00,0.00,1459.25,1558.25,5/17/2025,46955
Evening Cashier,1246.50,0.00,99.00,0.00,1147.50,1246.50,5/18/2025,46979
Evening Cashier,1762.00,0.00,99.00,0.00,1663.00,1762.00,5/19/2025,47008
Evening Cashier,2380.60,0.00,496.00,0.00,1884.60,2380.60,5/20/2025,47018
Evening Cashier,2031.50,0.00,0.00,0.00,2031.50,2031.50,5/21/2025,47037
Evening Cashier,3151.10,0.00,396.00,0.00,2755.10,3151.10,5/22/2025,47048
Sys Admin,0.00,0.00,0.00,0.00,0.00,0.00,5/23/2025,47061
Evening Cashier,2924.50,0.00,198.00,0.00,2726.50,2924.50,5/23/2025,47063
Sys Admin,16.00,0.00,0.00,0.00,16.00,16.00,5/24/2025,47108
Evening Cashier,3949.00,0.00,396.00,0.00,3553.00,3949.00,5/24/2025,47109
Evening Cashier,5425.85,0.00,1196.00,0.00,4229.85,5425.85,5/25/2025,47141
Rami,964.75,0.00,0.00,0.00,964.75,964.75,5/26/2025,47142
Sys Admin,-15.75,0.00,0.00,16.00,0.00,-15.75,5/26/2025,47148
Evening Cashier,3469.75,0.00,396.00,0.00,3073.75,3469.75,5/26/2025,47149
Sys Admin,6.00,0.00,0.00,33.00,39.00,6.00,5/27/2025,47230
Evening Cashier,2661.00,0.00,297.00,0.00,2364.00,2661.00,5/27/2025,47231
Rami,699.75,0.00,0.00,0.00,699.75,699.75,5/27/2025,47232
Sys Admin,112.50,0.00,0.00,0.00,112.50,112.50,5/28/2025,47253
Evening Cashier,2226.55,0.00,99.00,0.00,2127.55,2226.55,5/28/2025,47254
Sys Admin,74.25,0.00,0.00,0.00,74.25,74.25,5/29/2025,47276
Evening Cashier,1646.89,0.00,0.00,0.00,1646.89,1646.89,5/29/2025,47277
Rami,2884.13,0.00,0.00,0.00,2884.13,2884.13,5/29/2025,47278
Rami,883.50,0.00,0.00,0.00,883.50,883.50,5/30/2025,47294
Evening Cashier,1708.25,0.00,99.00,0.00,1609.25,1708.25,5/30/2025,47295
Sys Admin,0.00,0.00,0.00,0.00,0.00,0.00,5/30/2025,47296
Sys Admin,281.25,0.00,0.00,31.00,312.50,281.25,5/31/2025,47322
Evening Cashier,3171.63,0.00,198.00,0.00,2973.63,3171.63,5/31/2025,47323
Rami,1695.51,0.00,0.00,0.00,1695.51,1695.51,5/31/2025,47324
Evening Cashier,3926.13,0.00,298.00,0.00,3628.13,3926.13,6/1/2025,47338
Sys Admin,6.50,0.00,0.00,0.00,6.50,6.50,6/2/2025,47356
Evening Cashier,3983.88,0.00,0.00,0.00,3983.88,3983.88,6/2/2025,47357
Evening Cashier,3977.27,0.00,99.00,0.00,3878.27,3977.27,6/3/2025,47380
Sys Admin,51.00,0.00,0.00,0.00,51.00,51.00,6/4/2025,47414
Evening Cashier,4651.25,0.00,299.00,0.00,4352.25,4651.25,6/4/2025,47415
Evening Cashier,2329.00,0.00,99.00,0.00,2230.00,2329.00,6/5/2025,47423
Evening Cashier,2122.63,0.00,0.00,0.00,2122.63,2122.63,6/6/2025,47432
Sys Admin,0.00,0.00,0.00,0.00,0.00,0.00,6/7/2025,47436
Evening Cashier,3622.00,0.00,499.00,0.00,3123.00,3622.00,6/7/2025,47437
Evening Cashier,2648.90,0.00,99.00,0.00,2549.90,2648.90,6/8/2025,47444
Evening Cashier,1847.39,0.00,99.00,0.00,1748.39,1847.39,6/9/2025,47455
Evening Cashier,1540.75,0.00,699.00,0.00,841.75,1540.75,6/10/2025,47496
Evening Cashier,679.30,0.00,297.00,0.00,382.30,679.30,6/11/2025,47514
Evening Cashier,1246.60,0.00,0.00,0.00,1246.60,1246.60,6/12/2025,47534
Evening Cashier,782.50,0.00,0.00,0.00,782.50,782.50,6/13/2025,47555
Sys Admin,5.00,0.00,0.00,0.00,5.00,5.00,6/14/2025,47556
Evening Cashier,566.00,0.00,0.00,0.00,566.00,566.00,6/14/2025,47557
Evening Cashier,1022.50,0.00,99.00,0.00,923.50,1022.50,6/15/2025,47585
Evening Cashier,815.30,0.00,199.00,0.00,616.30,815.30,6/16/2025,47604
Evening Cashier,943.70,0.00,298.00,0.00,645.70,943.70,6/17/2025,47624
Evening Cashier,718.00,0.00,0.00,0.00,718.00,718.00,6/18/2025,47637
Evening Cashier,2902.10,0.00,0.00,0.00,2902.10,2902.10,6/19/2025,47663
Evening Cashier,871.15,0.00,99.00,0.00,772.15,871.15,6/20/2025,47690
Evening Cashier,730.73,0.00,298.00,0.00,432.73,730.73,6/21/2025,47714
Evening Cashier,393.90,0.00,0.00,0.00,393.90,393.90,6/22/2025,47744
Evening Cashier,638.70,0.00,0.00,0.00,638.70,638.70,6/23/2025,47865
Sys Admin,15.00,0.00,0.00,0.00,15.00,15.00,6/24/2025,47889
Evening Cashier,524.50,0.00,99.00,0.00,425.50,524.50,6/24/2025,47890
Sys Admin,99.00,0.00,99.00,0.00,0.00,99.00,6/25/2025,47904
Evening Cashier,683.00,0.00,0.00,0.00,683.00,683.00,6/25/2025,47905
Evening Cashier,1888.50,0.00,597.00,0.00,1291.50,1888.50,6/26/2025,47925
Evening Cashier,1165.05,0.00,0.00,0.00,1165.05,1165.05,6/27/2025,47939
Sys Admin,141.50,0.00,0.00,0.00,141.50,141.50,6/28/2025,47952
Evening Cashier,966.60,0.00,0.00,0.00,966.60,966.60,6/28/2025,47955
Evening Cashier,1226.75,0.00,0.00,0.00,1226.75,1226.75,6/29/2025,47978
Evening Cashier,1695.50,0.00,699.00,0.00,996.50,1695.50,6/30/2025,47994
Evening Cashier,494.50,0.00,99.00,0.00,395.50,494.50,7/1/2025,48009
Evening Cashier,1299.35,0.00,199.00,0.00,1100.35,1299.35,7/2/2025,48038
Evening Cashier,941.30,0.00,0.00,0.00,941.30,941.30,7/3/2025,48051
Evening Cashier,700.20,0.00,0.00,0.00,700.20,700.20,7/4/2025,48063
Sys Admin,299.00,0.00,299.00,0.00,0.00,299.00,7/5/2025,48079
Evening Cashier,1279.95,0.00,497.00,0.00,782.95,1279.95,7/5/2025,48080
Evening Cashier,1187.20,0.00,398.00,0.00,789.20,1187.20,7/6/2025,48098
Evening Cashier,924.00,0.00,0.00,0.00,924.00,924.00,7/7/2025,48136
Evening Cashier,1349.95,0.00,0.00,0.00,1349.95,1349.95,7/8/2025,48159
Evening Cashier,869.13,0.00,0.00,0.00,869.13,869.13,7/9/2025,48179
Evening Cashier,1205.48,0.00,99.00,0.00,1106.48,1205.48,7/10/2025,48199
Sys Admin,-37.50,0.00,0.00,38.00,0.00,-37.50,7/11/2025,48201
Evening Cashier,1395.21,0.00,497.00,0.00,898.21,1395.21,7/11/2025,48204
Evening Cashier,907.50,0.00,99.00,0.00,808.50,907.50,7/12/2025,48253
Evening Cashier,1879.95,0.00,798.00,0.00,1081.95,1879.95,7/13/2025,48252
Sys Admin,5.00,0.00,0.00,0.00,5.00,5.00,7/14/2025,48273
Evening Cashier,982.58,0.00,0.00,0.00,982.58,982.58,7/14/2025,48274
Evening Cashier,1108.75,0.00,99.00,0.00,1009.75,1108.75,7/15/2025,48290
Evening Cashier,988.00,0.00,0.00,0.00,988.00,988.00,7/16/2025,48304
Evening Cashier,988.00,0.00,0.00,0.00,988.00,988.00,7/17/2025,48325
Evening Cashier,761.25,0.00,0.00,0.00,761.25,761.25,7/18/2025,48342
Evening Cashier,1023.75,0.00,99.00,0.00,924.75,1023.75,7/19/2025,48352
Evening Cashier,884.10,0.00,99.00,0.00,785.10,884.10,7/20/2025,48371
Evening Cashier,711.00,0.00,99.00,0.00,612.00,711.00,7/21/2025,48405
Sys Admin,-9.50,0.00,0.00,10.00,0.00,-9.50,7/22/2025,48418
Evening Cashier,1163.75,0.00,0.00,0.00,1163.75,1163.75,7/22/2025,48419
Evening Cashier,974.50,0.00,0.00,0.00,974.50,974.50,7/23/2025,48548
Evening Cashier,637.70,0.00,99.00,0.00,538.70,637.70,7/24/2025,48547
Evening Cashier,703.13,0.00,0.00,0.00,703.13,703.13,7/25/2025,48557
Evening Cashier,1246.60,0.00,99.00,0.00,1147.60,1246.60,7/26/2025,48582
Evening Cashier,1865.70,0.00,598.00,0.00,1267.70,1865.70,7/27/2025,48588
Evening Cashier,1311.00,0.00,99.00,0.00,1212.00,1311.00,7/28/2025,48620
Evening Cashier,1508.00,0.00,99.00,0.00,1409.00,1508.00,7/29/2025,48646
Evening Cashier,1024.00,0.00,0.00,0.00,1024.00,1024.00,7/30/2025,48647
Sys Admin,15.00,0.00,0.00,0.00,15.00,15.00,7/31/2025,48662
Evening Cashier,1234.20,0.00,0.00,0.00,1234.20,1234.20,7/31/2025,48663
Evening Cashier,1293.70,0.00,0.00,0.00,1293.70,1293.70,8/1/2025,48674
Evening Cashier,1264.13,0.00,99.00,0.00,1165.13,1264.13,8/2/2025,48708
Evening Cashier,1367.55,0.00,299.00,0.00,1068.55,1367.55,8/3/2025,48724
Evening Cashier,1833.50,0.00,0.00,0.00,1833.50,1833.50,8/4/2025,48742
Evening Cashier,1956.50,0.00,698.00,0.00,1258.50,1956.50,8/5/2025,48756
Evening Cashier,1376.70,0.00,0.00,0.00,1376.70,1376.70,8/6/2025,48767
Evening Cashier,1083.25,0.00,0.00,0.00,1083.25,1083.25,8/7/2025,48789
Morning Cashier,26.50,0.00,0.00,0.00,26.50,26.50,8/8/2025,48805
Evening Cashier,1396.45,0.00,199.00,0.00,1197.45,1396.45,8/8/2025,48806
Morning Cashier,45.00,0.00,0.00,0.00,45.00,45.00,8/9/2025,48817
Evening Cashier,950.70,0.00,398.00,0.00,552.70,950.70,8/9/2025,48818
Evening Cashier,1367.65,0.00,0.00,0.00,1367.65,1367.65,8/10/2025,48844
Evening Cashier,567.00,0.00,99.00,0.00,468.00,567.00,8/11/2025,48872
Morning Cashier,204.50,0.00,0.00,0.00,204.50,204.50,8/11/2025,48873
Morning Cashier,422.00,0.00,0.00,0.00,422.00,422.00,8/12/2025,48892
Evening Cashier,631.50,0.00,199.00,0.00,432.50,631.50,8/12/2025,48893
Morning Cashier,473.00,0.00,0.00,0.00,473.00,473.00,8/13/2025,48894
Evening Cashier,953.30,0.00,0.00,0.00,953.30,953.30,8/13/2025,48907
Morning Cashier,345.00,0.00,0.00,0.00,345.00,345.00,8/14/2025,48919
Evening Cashier,902.00,0.00,0.00,0.00,902.00,902.00,8/14/2025,48925
Morning Cashier,294.50,0.00,0.00,0.00,294.50,294.50,8/15/2025,48926
Sys Admin,0.00,0.00,0.00,0.00,0.00,0.00,8/15/2025,48936
Evening Cashier,689.15,0.00,0.00,0.00,689.15,689.15,8/15/2025,48937
Morning Cashier,83.00,0.00,0.00,0.00,83.00,83.00,8/16/2025,48946
Evening Cashier,533.20,0.00,0.00,0.00,533.20,533.20,8/16/2025,48947
Morning Cashier,349.50,0.00,0.00,0.00,349.50,349.50,8/17/2025,48964
Evening Cashier,671.00,0.00,0.00,0.00,671.00,671.00,8/17/2025,48968
Morning Cashier,342.50,0.00,0.00,0.00,342.50,342.50,8/18/2025,48980
Evening Cashier,706.50,0.00,0.00,0.00,706.50,706.50,8/18/2025,48981
Morning Cashier,329.00,0.00,0.00,0.00,329.00,329.00,8/19/2025,49008
Evening Cashier,523.60,0.00,99.00,0.00,424.60,523.60,8/19/2025,49025
Morning Cashier,302.00,0.00,0.00,0.00,302.00,302.00,8/20/2025,49035
Evening Cashier,599.00,0.00,0.00,0.00,599.00,599.00,8/20/2025,49036
Evening Cashier,779.33,0.00,0.00,0.00,779.33,779.33,8/21/2025,49064
Evening Cashier,1263.40,0.00,0.00,0.00,1263.40,1263.40,8/22/2025,49068
Morning Cashier,310.00,0.00,0.00,0.00,310.00,310.00,8/23/2025,49092
Evening Cashier,776.00,0.00,99.00,0.00,677.00,776.00,8/23/2025,49093
Morning Cashier,424.40,0.00,0.00,0.00,424.40,424.40,8/24/2025,49107
Evening Cashier,760.00,0.00,199.00,0.00,561.00,760.00,8/24/2025,49125
Morning Cashier,209.50,0.00,0.00,0.00,209.50,209.50,8/25/2025,49135
Evening Cashier,1368.63,0.00,398.00,0.00,970.63,1368.63,8/25/2025,49136
Sys Admin,11.00,0.00,0.00,0.00,11.00,11.00,8/26/2025,49161
Evening Cashier,1064.50,0.00,0.00,0.00,1064.50,1064.50,8/26/2025,49162
Morning Cashier,509.00,0.00,199.00,0.00,310.00,509.00,8/27/2025,49182
Evening Cashier,823.91,0.00,0.00,0.00,823.91,823.91,8/27/2025,49183
Evening Cashier,1242.25,0.00,0.00,0.00,1242.25,1242.25,8/28/2025,49193
Morning Cashier,440.50,0.00,0.00,0.00,440.50,440.50,8/29/2025,49211
Evening Cashier,820.50,0.00,99.00,0.00,721.50,820.50,8/29/2025,49212
Morning Cashier,974.00,0.00,299.00,0.00,675.00,974.00,8/30/2025,49214
Evening Cashier,1209.80,0.00,198.00,0.00,1011.80,1209.80,8/30/2025,49226
Sys Admin,191.50,0.00,0.00,0.00,191.50,191.50,8/30/2025,49227
Sys Admin,188.50,0.00,0.00,72.00,260.50,188.50,8/31/2025,49236
Evening Cashier,1545.60,0.00,298.00,0.00,1247.60,1545.60,8/31/2025,49237
Morning Cashier,523.50,0.00,0.00,0.00,523.50,523.50,9/1/2025,49266
Evening Cashier,675.00,0.00,0.00,0.00,675.00,675.00,9/1/2025,49271
Morning Cashier,434.50,0.00,0.00,0.00,434.50,434.50,9/2/2025,49276
Evening Cashier,1119.20,0.00,0.00,0.00,1119.20,1119.20,9/2/2025,49280
Morning Cashier,517.00,0.00,0.00,0.00,517.00,517.00,9/3/2025,49286
Evening Cashier,641.88,0.00,0.00,0.00,641.88,641.88,9/3/2025,49320
Sys Admin,27.00,0.00,0.00,0.00,27.00,27.00,9/4/2025,49321
Evening Cashier,555.14,0.00,99.00,0.00,456.14,555.14,9/4/2025,49322
Morning Cashier,108.00,0.00,0.00,0.00,108.00,108.00,9/4/2025,49323
Morning Cashier,203.50,0.00,0.00,0.00,203.50,203.50,9/5/2025,49341
Evening Cashier,866.50,0.00,299.00,0.00,567.50,866.50,9/5/2025,49342
Evening Cashier,1719.30,0.00,198.00,0.00,1521.30,1719.30,9/6/2025,49351
Morning Cashier,628.55,0.00,299.00,0.00,329.55,628.55,9/7/2025,49360
Sys Admin,0.00,0.00,0.00,0.00,0.00,0.00,9/7/2025,49370
Evening Cashier,664.38,0.00,99.00,0.00,565.38,664.38,9/7/2025,49371
Morning Cashier,441.00,0.00,0.00,0.00,441.00,441.00,9/8/2025,49374
Sys Admin,75.00,0.00,0.00,0.00,75.00,75.00,9/8/2025,49391
Evening Cashier,486.61,0.00,0.00,0.00,486.61,486.61,9/8/2025,49392
Evening Cashier,951.00,0.00,0.00,0.00,951.00,951.00,9/9/2025,49404
Morning Cashier,281.00,0.00,0.00,0.00,281.00,281.00,9/9/2025,49405
Morning Cashier,283.00,0.00,0.00,0.00,283.00,283.00,9/10/2025,49417
Evening Cashier,366.00,0.00,0.00,0.00,366.00,366.00,9/10/2025,49418
Evening Cashier,755.26,0.00,199.00,0.00,556.26,755.26,9/11/2025,49452
Morning Cashier,456.50,0.00,0.00,0.00,456.50,456.50,9/11/2025,49453
Morning Cashier,213.50,0.00,99.00,0.00,114.50,213.50,9/12/2025,49457
Evening Cashier,1317.50,0.00,699.00,0.00,618.50,1317.50,9/12/2025,49460
Evening Cashier,506.20,0.00,99.00,0.00,407.20,506.20,9/13/2025,49479
Morning Cashier,220.50,0.00,0.00,0.00,220.50,220.50,9/13/2025,49480
Morning Cashier,370.50,0.00,0.00,0.00,370.50,370.50,9/14/2025,49493
Evening Cashier,706.00,0.00,99.00,0.00,607.00,706.00,9/14/2025,49505
Evening Cashier,664.35,0.00,0.00,0.00,664.35,664.35,9/15/2025,49508
Morning Cashier,386.75,0.00,0.00,0.00,386.75,386.75,9/15/2025,49503
Morning Cashier,770.50,0.00,499.00,0.00,271.50,770.50,9/16/2025,49531
Evening Cashier,622.50,0.00,199.00,0.00,423.50,622.50,9/16/2025,49532
Sys Admin,427.70,0.00,0.00,0.00,427.70,427.70,9/16/2025,49533
Evening Cashier,661.50,0.00,0.00,0.00,661.50,661.50,9/17/2025,49595
Morning Cashier,76.00,0.00,0.00,0.00,76.00,76.00,9/17/2025,49530
Sys Admin,100.80,0.00,0.00,0.00,100.80,100.80,9/18/2025,49596
Evening Cashier,648.50,0.00,99.00,0.00,549.50,648.50,9/18/2025,49597
Morning Cashier,305.27,0.00,0.00,0.00,305.27,305.27,9/18/2025,49598
Evening Cashier,525.50,0.00,0.00,0.00,525.50,525.50,9/19/2025,49599
Morning Cashier,154.00,0.00,0.00,0.00,154.00,154.00,9/19/2025,49600
Evening Cashier,1016.50,0.00,99.00,0.00,917.50,1016.50,9/20/2025,49601
Morning Cashier,493.40,0.00,0.00,0.00,493.40,493.40,9/20/2025,49602
Evening Cashier,969.10,0.00,398.00,0.00,571.10,969.10,9/21/2025,49616
Morning Cashier,350.00,0.00,0.00,0.00,350.00,350.00,9/21/2025,49594
Morning Cashier,383.50,0.00,198.00,0.00,185.50,383.50,9/22/2025,49626
Sys Admin,46.75,0.00,0.00,0.00,46.75,46.75,9/22/2025,49629
Evening Cashier,466.60,0.00,99.00,0.00,367.60,466.60,9/22/2025,49630
Morning Cashier,48.90,0.00,0.00,0.00,48.90,48.90,9/23/2025,49635
Evening Cashier,466.85,0.00,0.00,0.00,466.85,466.85,9/23/2025,49636
Morning Cashier,242.30,0.00,0.00,0.00,242.30,242.30,9/24/2025,49637
Evening Cashier,450.50,0.00,0.00,0.00,450.50,450.50,9/24/2025,49700
Evening Cashier,935.44,0.00,299.00,0.00,636.44,935.44,9/25/2025,49701
Morning Cashier,197.25,0.00,0.00,0.00,197.25,197.25,9/25/2025,49657
Morning Cashier,395.45,0.00,0.00,0.00,395.45,395.45,9/26/2025,49677
Evening Cashier,635.90,0.00,0.00,0.00,635.90,635.90,9/26/2025,49702
Evening Cashier,552.50,0.00,199.00,0.00,353.50,552.50,9/27/2025,49704
Morning Cashier,449.45,0.00,0.00,0.00,449.45,449.45,9/27/2025,49698
Morning Cashier,490.00,0.00,99.00,0.00,391.00,490.00,9/28/2025,49731
Evening Cashier,536.62,0.00,0.00,0.00,536.62,536.62,9/28/2025,49745
Morning Cashier,1052.80,0.00,498.00,0.00,554.80,1052.80,9/29/2025,49754
Evening Cashier,1154.50,0.00,0.00,0.00,1154.50,1154.50,9/29/2025,49763
Morning Cashier,310.00,0.00,0.00,0.00,310.00,310.00,9/30/2025,49769
Evening Cashier,508.01,0.00,0.00,0.00,508.01,508.01,9/30/2025,49774
Morning Cashier,476.00,0.00,0.00,0.00,476.00,476.00,10/1/2025,49817
Sys Admin,56.00,0.00,0.00,0.00,56.00,56.00,10/1/2025,49824
Evening Cashier,439.50,0.00,0.00,0.00,439.50,439.50,10/1/2025,49825
Morning Cashier,328.70,0.00,0.00,0.00,328.70,328.70,10/2/2025,49832
Evening Cashier,680.46,0.00,0.00,0.00,680.46,680.46,10/2/2025,49859
Evening Cashier,678.62,0.00,99.00,0.00,579.62,678.62,10/3/2025,49860
Morning Cashier,384.65,0.00,0.00,0.00,384.65,384.65,10/3/2025,49842
Morning Cashier,1542.25,0.00,298.00,0.00,1244.25,1542.25,10/4/2025,49864
Morning Cashier,266.00,0.00,0.00,0.00,266.00,266.00,10/5/2025,49887
Evening Cashier,350.50,0.00,0.00,0.00,350.50,350.50,10/5/2025,49888
Morning Cashier,628.50,0.00,0.00,0.00,628.50,628.50,10/6/2025,49914
Evening Cashier,714.00,0.00,198.00,0.00,516.00,714.00,10/6/2025,49919
Morning Cashier,361.00,0.00,0.00,0.00,361.00,361.00,10/7/2025,49925
Evening Cashier,348.65,0.00,99.00,0.00,249.65,348.65,10/7/2025,49934
Sys Admin,-30.00,0.00,0.00,30.00,0.00,-30.00,10/7/2025,49935
Morning Cashier,407.49,0.00,0.00,0.00,407.49,407.49,10/8/2025,49940
Evening Cashier,861.14,0.00,199.00,0.00,662.14,861.14,10/8/2025,49971
Sys Admin,319.69,0.00,0.00,0.00,319.69,319.69,10/9/2025,49975
Evening Cashier,1473.72,0.00,598.00,0.00,875.72,1473.72,10/9/2025,49976
Morning Cashier,519.81,0.00,0.00,0.00,519.81,519.81,10/9/2025,49970
Morning Cashier,258.76,0.00,0.00,0.00,258.76,258.76,10/10/2025,49977
Evening Cashier,947.48,0.00,99.00,0.00,848.48,947.48,10/10/2025,50000
Morning Cashier,211.75,0.00,0.00,0.00,211.75,211.75,10/11/2025,50001
Evening Cashier,1140.90,0.00,199.00,0.00,941.90,1140.90,10/11/2025,50029
Morning Cashier,668.88,0.00,99.00,0.00,569.88,668.88,10/12/2025,50036
Evening Cashier,457.98,0.00,0.00,0.00,457.98,457.98,10/12/2025,50037
Morning Cashier,369.71,0.00,0.00,0.00,369.71,369.71,10/13/2025,50043
Evening Cashier,543.51,0.00,0.00,0.00,543.51,543.51,10/13/2025,50056
Morning Cashier,575.83,0.00,0.00,0.00,575.83,575.83,10/14/2025,50072
Evening Cashier,629.91,0.00,99.00,0.00,530.91,629.91,10/14/2025,50073
Morning Cashier,469.32,0.00,0.00,0.00,469.32,469.32,10/15/2025,50074
Evening Cashier,810.09,0.00,0.00,0.00,810.09,810.09,10/15/2025,50075
Morning Cashier,418.69,0.00,0.00,0.00,418.69,418.69,10/16/2025,50107
Evening Cashier,829.48,0.00,99.00,0.00,730.48,829.48,10/16/2025,50231
Morning Cashier,456.25,0.00,0.00,0.00,456.25,456.25,10/17/2025,50120
Evening Cashier,1183.06,0.00,496.00,0.00,687.06,1183.06,10/17/2025,50121
Sys Admin,54.25,0.00,0.00,0.00,54.25,54.25,10/18/2025,50149
Evening Cashier,581.90,0.00,0.00,0.00,581.90,581.90,10/18/2025,50150
Morning Cashier,136.85,0.00,0.00,0.00,136.85,136.85,10/18/2025,50151
Morning Cashier,399.04,0.00,0.00,0.00,399.04,399.04,10/19/2025,50169
Evening Cashier,619.09,0.00,0.00,0.00,619.09,619.09,10/19/2025,50170
Morning Cashier,258.15,0.00,0.00,0.00,258.15,258.15,10/20/2025,50232
Evening Cashier,381.97,0.00,0.00,0.00,381.97,381.97,10/20/2025,50233
Morning Cashier,1046.56,0.00,0.00,0.00,1046.56,1046.56,10/21/2025,50234
Morning Cashier,206.29,0.00,0.00,0.00,206.29,206.29,10/22/2025,50235
Evening Cashier,611.82,0.00,0.00,0.00,611.82,611.82,10/22/2025,50236
Morning Cashier,389.28,0.00,0.00,0.00,389.28,389.28,10/23/2025,50237
Evening Cashier,565.88,0.00,198.00,0.00,367.88,565.88,10/23/2025,50238
Morning Cashier,182.93,0.00,0.00,0.00,182.93,182.93,10/24/2025,50248
Evening Cashier,844.07,0.00,298.00,0.00,546.07,844.07,10/24/2025,50249
Morning Cashier,283.01,0.00,99.00,0.00,184.01,283.01,10/25/2025,50260
Evening Cashier,439.42,0.00,99.00,0.00,340.42,439.42,10/25/2025,50261
Morning Cashier,544.10,0.00,99.00,0.00,445.10,544.10,10/26/2025,50277
Evening Cashier,552.40,0.00,199.00,0.00,353.40,552.40,10/26/2025,50299
Morning Cashier,794.56,0.00,398.00,0.00,396.56,794.56,10/27/2025,50302
Evening Cashier,936.21,0.00,99.00,0.00,837.21,936.21,10/27/2025,50303
Morning Cashier,271.98,0.00,0.00,0.00,271.98,271.98,10/28/2025,50313
Evening Cashier,490.46,0.00,99.00,0.00,391.46,490.46,10/28/2025,50322
Morning Cashier,356.84,0.00,0.00,0.00,356.84,356.84,10/29/2025,50325
Sys Admin,65.55,0.00,0.00,0.00,65.55,65.55,10/29/2025,50343
Evening Cashier,944.57,0.00,298.00,0.00,646.57,944.57,10/29/2025,50344
Morning Cashier,336.41,0.00,0.00,0.00,336.41,336.41,10/30/2025,50363
Evening Cashier,1428.81,0.00,698.00,0.00,730.81,1428.81,10/30/2025,50364
Morning Cashier,618.71,0.00,0.00,0.00,618.71,618.71,10/31/2025,50368
Evening Cashier,806.14,0.00,0.00,0.00,806.14,806.14,10/31/2025,50369
Morning Cashier,885.90,0.00,798.00,0.00,87.90,885.90,11/1/2025,50392
Evening Cashier,902.68,0.00,198.00,0.00,704.68,902.68,11/1/2025,50393
Evening Cashier,695.80,0.00,99.00,0.00,596.80,695.80,11/2/2025,50394
Morning Cashier,807.96,0.00,398.00,0.00,409.96,807.96,11/2/2025,50388
Morning Cashier,184.58,0.00,0.00,0.00,184.58,184.58,11/3/2025,50409
Evening Cashier,728.85,0.00,99.00,0.00,629.85,728.85,11/3/2025,50435
Morning Cashier,320.84,0.00,0.00,0.00,320.84,320.84,11/4/2025,50416
Evening Cashier,837.44,0.00,199.00,0.00,638.44,837.44,11/4/2025,50417
Morning Cashier,466.34,0.00,0.00,0.00,466.34,466.34,11/5/2025,50427
Evening Cashier,680.58,0.00,0.00,0.00,680.58,680.58,11/5/2025,50431
Morning Cashier,338.76,0.00,99.00,0.00,239.76,338.76,11/6/2025,50434
Evening Cashier,770.47,0.00,199.00,0.00,571.47,770.47,11/6/2025,50458
Morning Cashier,299.57,0.00,0.00,0.00,299.57,299.57,11/7/2025,50478
Evening Cashier,549.23,0.00,99.00,0.00,450.23,549.23,11/7/2025,50479
Morning Cashier,364.53,0.00,0.00,0.00,364.53,364.53,11/8/2025,50476
Evening Cashier,900.78,0.00,299.00,0.00,601.78,900.78,11/8/2025,50477
Morning Cashier,518.23,0.00,199.00,0.00,319.23,518.23,11/9/2025,50523
Evening Cashier,425.89,0.00,0.00,0.00,425.89,425.89,11/9/2025,50524
Morning Cashier,417.50,0.00,199.00,0.00,218.50,417.50,11/10/2025,50531
Evening Cashier,685.03,0.00,0.00,0.00,685.03,685.03,11/10/2025,50533
Morning Cashier,151.08,0.00,0.00,0.00,151.08,151.08,11/11/2025,50544
Evening Cashier,524.13,0.00,0.00,0.00,524.13,524.13,11/11/2025,50545
Morning Cashier,251.29,0.00,0.00,0.00,251.29,251.29,11/12/2025,50557
Evening Cashier,596.04,0.00,99.00,0.00,497.04,596.04,11/12/2025,50576
Sys Admin,9.20,0.00,0.00,0.00,9.20,9.20,11/12/2025,50577
Morning Cashier,211.02,0.00,0.00,0.00,211.02,211.02,11/13/2025,50590
Evening Cashier,870.66,0.00,99.00,0.00,771.66,870.66,11/13/2025,50595
Evening Cashier,646.70,0.00,99.00,0.00,547.70,646.70,11/14/2025,50600
Morning Cashier,548.06,0.00,0.00,0.00,548.06,548.06,11/14/2025,50594
Morning Cashier,508.82,0.00,199.00,0.00,309.82,508.82,11/15/2025,50633
Evening Cashier,1109.16,0.00,497.00,0.00,612.16,1109.16,11/15/2025,50634
Morning Cashier,213.91,0.00,0.00,0.00,213.91,213.91,11/16/2025,50631
Evening Cashier,1026.89,0.00,99.00,0.00,927.89,1026.89,11/16/2025,50632
Morning Cashier,818.58,0.00,398.00,0.00,420.58,818.58,11/17/2025,50641
Evening Cashier,508.98,0.00,0.00,0.00,508.98,508.98,11/17/2025,50644
Morning Cashier,603.29,0.00,0.00,0.00,603.29,603.29,11/18/2025,50645
Evening Cashier,511.13,0.00,0.00,0.00,511.13,511.13,11/18/2025,50651
Morning Cashier,352.03,0.00,0.00,0.00,352.03,352.03,11/19/2025,50661
Evening Cashier,965.97,0.00,99.00,0.00,866.97,965.97,11/19/2025,50693
Sys Admin,83.95,0.00,0.00,0.00,83.95,83.95,11/19/2025,50694
Morning Cashier,441.14,0.00,99.00,0.00,342.14,441.14,11/20/2025,50718
Evening Cashier,945.57,0.00,199.00,0.00,746.57,945.57,11/20/2025,50719
Morning Cashier,213.79,0.00,0.00,0.00,213.79,213.79,11/21/2025,50711
Evening Cashier,920.96,0.00,99.00,0.00,821.96,920.96,11/21/2025,50717
Morning Cashier,550.48,0.00,99.00,0.00,451.48,550.48,11/22/2025,50725
Evening Cashier,735.89,0.00,0.00,0.00,735.89,735.89,11/22/2025,50726
Morning Cashier,262.79,0.00,0.00,0.00,262.79,262.79,11/23/2025,50730
Evening Cashier,695.19,0.00,0.00,0.00,695.19,695.19,11/23/2025,50741
Morning Cashier,679.85,0.00,299.00,0.00,380.85,679.85,11/24/2025,50747
Evening Cashier,930.29,0.00,199.00,0.00,731.29,930.29,11/24/2025,50748
Morning Cashier,394.33,0.00,0.00,0.00,394.33,394.33,11/25/2025,50749
Evening Cashier,1384.91,0.00,99.00,0.00,1285.91,1384.91,11/25/2025,50756
Morning Cashier,419.00,0.00,0.00,0.00,419.00,419.00,11/26/2025,50788
Evening Cashier,967.57,0.00,199.00,0.00,768.57,967.57,11/26/2025,50791
Morning Cashier,573.39,0.00,99.00,0.00,474.39,573.39,11/27/2025,50796
Evening Cashier,1553.67,0.00,696.00,0.00,857.67,1553.67,11/27/2025,50805
Sys Admin,9.20,0.00,0.00,0.00,9.20,9.20,11/28/2025,50816
Morning Cashier,768.78,0.00,0.00,0.00,768.78,768.78,11/28/2025,50818
Evening Cashier,859.80,0.00,198.00,0.00,661.80,859.80,11/28/2025,50819
Morning Cashier,462.69,0.00,0.00,0.00,462.69,462.69,11/29/2025,50814
Evening Cashier,869.83,0.00,99.00,0.00,770.83,869.83,11/29/2025,50815
Morning Cashier,482.19,0.00,0.00,0.00,482.19,482.19,11/30/2025,50836
Evening Cashier,954.01,0.00,198.00,0.00,756.01,954.01,11/30/2025,50840
Sys Admin,-139.72,0.00,0.00,140.00,0.00,-139.72,11/30/2025,50841
Morning Cashier,655.87,0.00,299.00,0.00,356.87,655.87,12/1/2025,50859
Evening Cashier,1020.09,0.00,299.00,0.00,721.09,1020.09,12/1/2025,50865
Morning Cashier,353.63,0.00,0.00,0.00,353.63,353.63,12/2/2025,50867
Evening Cashier,700.67,0.00,99.00,0.00,601.67,700.67,12/2/2025,50910
Sys Admin,77.05,0.00,0.00,0.00,77.05,77.05,12/2/2025,50911
Evening Cashier,572.32,0.00,0.00,0.00,572.32,572.32,12/3/2025,50912
Sys Admin,62.10,0.00,0.00,0.00,62.10,62.10,12/3/2025,50913
Morning Cashier,285.48,0.00,0.00,0.00,285.48,285.48,12/3/2025,50889
Morning Cashier,327.22,0.00,0.00,0.00,327.22,327.22,12/4/2025,50914
Evening Cashier,851.65,0.00,99.00,0.00,752.65,851.65,12/4/2025,50915
Morning Cashier,854.52,0.00,199.00,0.00,655.52,854.52,12/5/2025,50939
Evening Cashier,385.96,0.00,0.00,0.00,385.96,385.96,12/5/2025,50944
Morning Cashier,181.69,0.00,0.00,0.00,181.69,181.69,12/6/2025,50948
Evening Cashier,805.25,0.00,99.00,0.00,706.25,805.25,12/6/2025,50952
Morning Cashier,567.40,0.00,99.00,0.00,468.40,567.40,12/7/2025,50971
Evening Cashier,517.51,0.00,0.00,0.00,517.51,517.51,12/7/2025,50972
Sys Admin,31.05,0.00,0.00,0.00,31.05,31.05,12/8/2025,50983
Morning Cashier,268.78,0.00,0.00,0.00,268.78,268.78,12/8/2025,50984
Evening Cashier,374.67,0.00,0.00,0.00,374.67,374.67,12/8/2025,50985
Morning Cashier,153.51,0.00,0.00,0.00,153.51,153.51,12/9/2025,50995
Evening Cashier,835.50,0.00,0.00,0.00,835.50,835.50,12/9/2025,50996
Sys Admin,-5.17,0.00,0.00,5.00,0.00,-5.17,12/10/2025,51010
Evening Cashier,663.56,0.00,0.00,0.00,663.56,663.56,12/10/2025,51011
Morning Cashier,370.31,0.00,0.00,0.00,370.31,370.31,12/10/2025,51012
Morning Cashier,451.62,0.00,0.00,0.00,451.62,451.62,12/11/2025,51034
Evening Cashier,616.31,0.00,0.00,0.00,616.31,616.31,12/11/2025,51035
Morning Cashier,316.26,0.00,0.00,0.00,316.26,316.26,12/12/2025,51040
Evening Cashier,1393.30,0.00,0.00,0.00,1393.30,1393.30,12/12/2025,51041
Morning Cashier,204.37,0.00,0.00,0.00,204.37,204.37,12/13/2025,51050
Evening Cashier,1076.15,0.00,0.00,0.00,1076.15,1076.15,12/13/2025,51051
Morning Cashier,568.27,0.00,298.00,0.00,270.27,568.27,12/14/2025,51059
Evening Cashier,616.06,0.00,0.00,0.00,616.06,616.06,12/14/2025,51067
Morning Cashier,61.52,0.00,0.00,0.00,61.52,61.52,12/15/2025,51080
Evening Cashier,418.04,0.00,0.00,0.00,418.04,418.04,12/15/2025,51081
Morning Cashier,305.79,0.00,0.00,0.00,305.79,305.79,12/16/2025,51082
Evening Cashier,469.22,0.00,0.00,0.00,469.22,469.22,12/16/2025,51083
Morning Cashier,471.71,0.00,0.00,0.00,471.71,471.71,12/17/2025,51094
Evening Cashier,942.89,0.00,499.00,0.00,443.89,942.89,12/17/2025,51098
Morning Cashier,316.24,0.00,0.00,0.00,316.24,316.24,12/18/2025,51131
Evening Cashier,738.29,0.00,199.00,0.00,539.29,738.29,12/18/2025,51133
Morning Cashier,475.78,0.00,0.00,0.00,475.78,475.78,12/19/2025,51138
Evening Cashier,382.96,0.00,0.00,0.00,382.96,382.96,12/19/2025,51139
Morning Cashier,359.37,0.00,0.00,0.00,359.37,359.37,12/20/2025,51148
Evening Cashier,984.46,0.00,199.00,0.00,785.46,984.46,12/20/2025,51149
Morning Cashier,245.53,0.00,0.00,0.00,245.53,245.53,12/21/2025,51156
Evening Cashier,726.31,0.00,99.00,0.00,627.31,726.31,12/21/2025,51160
Morning Cashier,514.61,0.00,299.00,0.00,215.61,514.61,12/22/2025,51166
Evening Cashier,771.37,0.00,0.00,0.00,771.37,771.37,12/22/2025,51170
Morning Cashier,428.93,0.00,0.00,0.00,428.93,428.93,12/23/2025,51177
Evening Cashier,650.90,0.00,299.00,0.00,351.90,650.90,12/23/2025,51178
Morning Cashier,588.76,0.00,0.00,0.00,588.76,588.76,12/24/2025,51194
Evening Cashier,851.30,0.00,0.00,0.00,851.30,851.30,12/24/2025,51195
Morning Cashier,609.04,0.00,0.00,0.00,609.04,609.04,12/25/2025,51200
Evening Cashier,952.72,0.00,199.00,0.00,753.72,952.72,12/25/2025,51213
Morning Cashier,416.57,0.00,0.00,0.00,416.57,416.57,12/26/2025,51234
Evening Cashier,1150.46,0.00,199.00,0.00,951.46,1150.46,12/26/2025,51235
Evening Cashier,1092.54,0.00,199.00,0.00,893.54,1092.54,12/27/2025,51244
Morning Cashier,397.04,0.00,0.00,0.00,397.04,397.04,12/27/2025,51231
Morning Cashier,958.14,0.00,398.00,0.00,560.14,958.14,12/28/2025,51248
Evening Cashier,1010.97,0.00,0.00,0.00,1010.97,1010.97,12/28/2025,51267
Morning Cashier,389.07,0.00,0.00,0.00,389.07,389.07,12/29/2025,51268
Evening Cashier,764.75,0.00,0.00,0.00,764.75,764.75,12/29/2025,51279
Morning Cashier,771.34,0.00,299.00,0.00,472.34,771.34,12/30/2025,51295
Evening Cashier,441.95,0.00,0.00,0.00,441.95,441.95,12/30/2025,51296
Morning Cashier,687.22,0.00,99.00,0.00,588.22,687.22,12/31/2025,51309
Evening Cashier,889.10,0.00,0.00,0.00,889.10,889.10,12/31/2025,51310
Morning Cashier,418.89,0.00,0.00,0.00,418.89,418.89,1/1/2026,51329
Evening Cashier,736.71,0.00,0.00,0.00,736.71,736.71,1/1/2026,51357
Sys Admin,15.67,0.00,0.00,0.00,15.67,15.67,1/2/2026,51358
Evening Cashier,834.34,0.00,0.00,0.00,834.34,834.34,1/2/2026,51359
Morning Cashier,573.34,0.00,199.00,0.00,374.34,573.34,1/2/2026,51360
Morning Cashier,772.84,0.00,199.00,0.00,573.84,772.84,1/3/2026,51361
Evening Cashier,960.81,0.00,0.00,0.00,960.81,960.81,1/3/2026,51362
Evening Cashier,1440.77,0.00,299.00,0.00,1141.77,1440.77,1/4/2026,51383
Morning Cashier,276.02,0.00,0.00,0.00,276.02,276.02,1/5/2026,51386
Evening Cashier,1379.35,0.00,698.00,0.00,681.35,1379.35,1/5/2026,51387
Morning Cashier,226.21,0.00,0.00,0.00,226.21,226.21,1/6/2026,51393
Evening Cashier,696.32,0.00,0.00,0.00,696.32,696.32,1/6/2026,51394
Morning Cashier,364.77,0.00,0.00,0.00,364.77,364.77,1/7/2026,51414
Evening Cashier,761.70,0.00,0.00,0.00,761.70,761.70,1/7/2026,51415
Morning Cashier,415.58,0.00,0.00,0.00,415.58,415.58,1/8/2026,51435
Evening Cashier,918.12,0.00,0.00,0.00,918.12,918.12,1/8/2026,51437
Morning Cashier,546.35,0.00,0.00,0.00,546.35,546.35,1/9/2026,51441
Evening Cashier,1235.62,0.00,0.00,0.00,1235.62,1235.62,1/9/2026,51442
Morning Cashier,353.64,0.00,0.00,0.00,353.64,353.64,1/10/2026,51463
Evening Cashier,796.38,0.00,0.00,0.00,796.38,796.38,1/10/2026,51464
Morning Cashier,395.61,0.00,0.00,0.00,395.61,395.61,1/11/2026,51458
Evening Cashier,1174.01,0.00,0.00,0.00,1174.01,1174.01,1/11/2026,51462
Morning Cashier,260.71,0.00,0.00,0.00,260.71,260.71,1/12/2026,51472
Evening Cashier,1486.90,0.00,0.00,0.00,1486.90,1486.90,1/12/2026,51473
Morning Cashier,417.75,0.00,0.00,0.00,417.75,417.75,1/13/2026,51474
Evening Cashier,1510.84,0.00,298.00,0.00,1212.84,1510.84,1/13/2026,51478
Morning Cashier,317.35,0.00,0.00,0.00,317.35,317.35,1/14/2026,51488
Evening Cashier,839.02,0.00,99.00,0.00,740.02,839.02,1/14/2026,51512
Morning Cashier,431.96,0.00,0.00,0.00,431.96,431.96,1/15/2026,51513
Evening Cashier,934.62,0.00,0.00,0.00,934.62,934.62,1/15/2026,51514
Morning Cashier,465.74,0.00,0.00,0.00,465.74,465.74,1/16/2026,51518
Evening Cashier,1131.82,0.00,497.00,0.00,634.82,1131.82,1/16/2026,51519
Morning Cashier,396.11,0.00,0.00,0.00,396.11,396.11,1/17/2026,51551
Evening Cashier,1291.26,0.00,99.00,0.00,1192.26,1291.26,1/17/2026,51579
Morning Cashier,556.74,0.00,0.00,0.00,556.74,556.74,1/18/2026,51571
Evening Cashier,396.74,0.00,0.00,0.00,396.74,396.74,1/18/2026,51575
Evening Cashier,1269.18,0.00,99.00,0.00,1170.18,1269.18,1/19/2026,51584
Morning Cashier,262.79,0.00,0.00,0.00,262.79,262.79,1/20/2026,51588
Evening Cashier,683.67,0.00,0.00,0.00,683.67,683.67,1/20/2026,51589
Morning Cashier,489.43,0.00,99.00,0.00,390.43,489.43,1/21/2026,51590
Sys Admin,96.03,0.00,0.00,0.00,96.03,96.03,1/21/2026,51617
Evening Cashier,828.09,0.00,298.00,0.00,530.09,828.09,1/21/2026,51618
Morning Cashier,430.37,0.00,0.00,0.00,430.37,430.37,1/22/2026,51608
Evening Cashier,749.93,0.00,298.00,0.00,451.93,749.93,1/22/2026,51616
Morning Cashier,441.90,0.00,0.00,0.00,441.90,441.90,1/23/2026,51619
Evening Cashier,674.49,0.00,0.00,0.00,674.49,674.49,1/23/2026,51623
Morning Cashier,617.06,0.00,99.00,0.00,518.06,617.06,1/24/2026,51628
Evening Cashier,1380.00,0.00,0.00,0.00,1380.00,1380.00,1/24/2026,51638
Morning Cashier,242.36,0.00,0.00,0.00,242.36,242.36,1/25/2026,51678
Evening Cashier,443.87,0.00,0.00,0.00,443.87,443.87,1/25/2026,51679
Evening Cashier,1719.83,0.00,699.00,0.00,1020.83,1719.83,1/26/2026,51680
Sys Admin,0.00,0.00,0.00,0.00,0.00,0.00,1/26/2026,51681
Morning Cashier,500.25,0.00,0.00,0.00,500.25,500.25,1/26/2026,51673
Morning Cashier,1111.06,0.00,299.00,0.00,812.06,1111.06,1/27/2026,51687
Evening Cashier,1420.86,0.00,199.00,0.00,1221.86,1420.86,1/27/2026,51688
Morning Cashier,1140.23,0.00,299.00,0.00,841.23,1140.23,1/28/2026,51698
Evening Cashier,721.40,0.00,0.00,0.00,721.40,721.40,1/28/2026,51702
Morning Cashier,279.17,0.00,0.00,0.00,279.17,279.17,1/29/2026,51737
Evening Cashier,1043.29,0.00,0.00,0.00,1043.29,1043.29,1/29/2026,51738
Morning Cashier,875.64,0.00,499.00,0.00,376.64,875.64,1/30/2026,51742
Evening Cashier,597.42,0.00,0.00,0.00,597.42,597.42,1/30/2026,51743
Morning Cashier,467.97,0.00,0.00,0.00,467.97,467.97,1/31/2026,51744
Evening Cashier,816.95,0.00,99.00,0.00,717.95,816.95,1/31/2026,51748
Morning Cashier,451.47,0.00,0.00,0.00,451.47,451.47,2/1/2026,51777
Evening Cashier,820.53,0.00,0.00,0.00,820.53,820.53,2/1/2026,51778
Morning Cashier,351.70,0.00,0.00,0.00,351.70,351.70,2/2/2026,51787
Evening Cashier,1226.19,0.00,297.00,0.00,929.19,1226.19,2/2/2026,51789
Morning Cashier,250.80,0.00,99.00,0.00,151.80,250.80,2/3/2026,51808
Evening Cashier,595.13,0.00,0.00,0.00,595.13,595.13,2/3/2026,51811
Evening Cashier,674.51,0.00,199.00,0.00,475.51,674.51,2/4/2026,51819
Morning Cashier,483.71,0.00,0.00,0.00,483.71,483.71,2/4/2026,51810
Morning Cashier,186.29,0.00,0.00,0.00,186.29,186.29,2/5/2026,51835
Evening Cashier,573.34,0.00,199.00,0.00,374.34,573.34,2/5/2026,51836
Evening Cashier,929.24,0.00,199.00,0.00,730.24,929.24,2/6/2026,51840
Morning Cashier,549.70,0.00,0.00,0.00,549.70,549.70,2/6/2026,51834
Morning Cashier,458.96,0.00,99.00,0.00,359.96,458.96,2/7/2026,51843
Evening Cashier,776.53,0.00,99.00,0.00,677.53,776.53,2/7/2026,51847
Morning Cashier,632.49,0.00,0.00,0.00,632.49,632.49,2/8/2026,51852
Evening Cashier,1110.34,0.00,0.00,0.00,1110.34,1110.34,2/8/2026,51885
Morning Cashier,677.67,0.00,597.00,0.00,80.67,677.67,2/9/2026,51859
Evening Cashier,531.30,0.00,0.00,0.00,531.30,531.30,2/9/2026,51865
Morning Cashier,275.71,0.00,0.00,0.00,275.71,275.71,2/10/2026,51883
Evening Cashier,1251.02,0.00,99.00,0.00,1152.02,1251.02,2/10/2026,51884
Morning Cashier,239.77,0.00,0.00,0.00,239.77,239.77,2/11/2026,51882
Evening Cashier,846.88,0.00,0.00,0.00,846.88,846.88,2/11/2026,51889
Sys Admin,0.00,0.00,0.00,0.00,0.00,0.00,2/11/2026,51890
Morning Cashier,366.28,0.00,0.00,0.00,366.28,366.28,2/12/2026,51905
Evening Cashier,869.39,0.00,99.00,0.00,770.39,869.39,2/12/2026,51909
Morning Cashier,534.16,0.00,99.00,0.00,435.16,534.16,2/13/2026,51910
Evening Cashier,995.52,0.00,198.00,0.00,797.52,995.52,2/13/2026,51931
Evening Cashier,1587.80,0.00,397.00,0.00,1190.80,1587.80,2/14/2026,51932
Morning Cashier,571.67,0.00,99.00,0.00,472.67,571.67,2/14/2026,51933
Morning Cashier,638.93,0.00,99.00,0.00,539.93,638.93,2/15/2026,51934
Evening Cashier,1739.71,0.00,199.00,0.00,1540.71,1739.71,2/15/2026,51952
Sys Admin,199.00,0.00,199.00,0.00,0.00,199.00,2/15/2026,51930
Morning Cashier,714.87,0.00,298.00,0.00,416.87,714.87,2/16/2026,51953
Evening Cashier,1481.13,0.00,497.00,0.00,984.13,1481.13,2/16/2026,51978
Morning Cashier,633.16,0.00,99.00,0.00,534.16,633.16,2/17/2026,51979
Evening Cashier,2047.33,0.00,397.00,0.00,1650.33,2047.33,2/17/2026,52003
Morning Cashier,335.52,0.00,0.00,0.00,335.52,335.52,2/18/2026,51988
Evening Cashier,2285.11,0.00,994.00,0.00,1291.11,2285.11,2/18/2026,51990
Sys Admin,188.60,0.00,0.00,0.00,188.60,188.60,2/19/2026,52005
Evening Cashier,2401.94,0.00,497.00,0.00,1904.94,2401.94,2/19/2026,52042
Morning Cashier,1641.69,0.00,198.00,0.00,1443.69,1641.69,2/20/2026,52009
Evening Cashier,742.67,0.00,199.00,0.00,543.67,742.67,2/20/2026,52010
Morning Cashier,933.43,0.00,198.00,0.00,735.43,933.43,2/21/2026,52019
Evening Cashier,2505.13,0.00,497.00,0.00,2008.13,2505.13,2/21/2026,52020
Morning Cashier,1582.63,0.00,297.00,0.00,1285.63,1582.63,2/22/2026,52030
Evening Cashier,941.44,0.00,298.00,0.00,643.44,941.44,2/22/2026,52043
Morning Cashier,827.77,0.00,199.00,0.00,628.77,827.77,2/23/2026,52037
Evening Cashier,1745.18,0.00,0.00,0.00,1745.18,1745.18,2/23/2026,52041
Sys Admin,29.32,0.00,0.00,0.00,29.32,29.32,2/24/2026,52062
Evening Cashier,1836.21,0.00,497.00,0.00,1339.21,1836.21,2/24/2026,52063
Morning Cashier,931.49,0.00,0.00,0.00,931.49,931.49,2/24/2026,52064
Morning Cashier,1187.36,0.00,299.00,0.00,888.36,1187.36,2/25/2026,52077
Evening Cashier,1276.45,0.00,0.00,0.00,1276.45,1276.45,2/25/2026,52111
Morning Cashier,1386.01,0.00,496.00,0.00,890.01,1386.01,2/26/2026,52125
Evening Cashier,1911.43,0.00,397.00,0.00,1514.43,1911.43,2/26/2026,52126
Morning Cashier,31.05,0.00,0.00,0.00,31.05,31.05,2/27/2026,52128
Evening Cashier,2542.03,0.00,696.00,0.00,1846.03,2542.03,2/27/2026,52129
Morning Cashier,956.96,0.00,198.00,0.00,758.96,956.96,2/28/2026,52133
Evening Cashier,2587.57,0.00,397.00,0.00,2190.57,2587.57,2/28/2026,52140
Morning Cashier,1012.56,0.00,598.00,0.00,414.56,1012.56,3/1/2026,52157
Evening Cashier,1837.25,0.00,99.00,0.00,1738.25,1837.25,3/1/2026,52158
Morning Cashier,732.93,0.00,99.00,0.00,633.93,732.93,3/2/2026,52159
Evening Cashier,1890.01,0.00,0.00,0.00,1890.01,1890.01,3/2/2026,52161
Morning Cashier,789.29,0.00,0.00,0.00,789.29,789.29,3/3/2026,52175
Evening Cashier,1824.11,0.00,298.00,0.00,1526.11,1824.11,3/3/2026,52184
Evening Cashier,1519.85,0.00,298.00,0.00,1221.85,1519.85,3/4/2026,52192
Morning Cashier,901.74,0.00,99.00,0.00,802.74,901.74,3/4/2026,52183
Morning Cashier,770.61,0.00,99.00,0.00,671.61,770.61,3/5/2026,52213
Evening Cashier,1769.83,0.00,0.00,0.00,1769.83,1769.83,3/5/2026,52214
Sys Admin,80.11,0.00,0.00,0.00,80.11,80.11,3/6/2026,52216
Morning Cashier,212.76,0.00,0.00,0.00,212.76,212.76,3/6/2026,52217
Evening Cashier,1474.99,0.00,99.00,0.00,1375.99,1474.99,3/6/2026,52219
Morning Cashier,942.49,0.00,498.00,0.00,444.49,942.49,3/7/2026,52255
Evening Cashier,1766.72,0.00,297.00,0.00,1469.72,1766.72,3/7/2026,52256
Morning Cashier,2384.02,0.00,198.00,0.00,2186.02,2384.02,3/8/2026,52257
Evening Cashier,1474.04,0.00,198.00,0.00,1276.04,1474.04,3/8/2026,52258
Morning Cashier,1142.75,0.00,198.00,0.00,944.75,1142.75,3/9/2026,52269
Evening Cashier,1315.18,0.00,99.00,0.00,1216.18,1315.18,3/9/2026,52270
Morning Cashier,1591.80,0.00,198.00,0.00,1393.80,1591.80,3/10/2026,52273
Evening Cashier,1447.87,0.00,0.00,0.00,1447.87,1447.87,3/10/2026,52275
Morning Cashier,1071.78,0.00,0.00,0.00,1071.78,1071.78,3/11/2026,52297
Evening Cashier,2732.50,0.00,199.00,0.00,2533.50,2732.50,3/11/2026,52298
Morning Cashier,1266.82,0.00,99.00,0.00,1167.82,1266.82,3/12/2026,52315
Evening Cashier,1969.79,0.00,297.00,0.00,1672.79,1969.79,3/12/2026,52316
Evening Cashier,2148.74,0.00,0.00,0.00,2148.74,2148.74,3/13/2026,52324
Morning Cashier,1055.90,0.00,99.00,0.00,956.90,1055.90,3/13/2026,52325
Morning Cashier,1266.23,0.00,99.00,0.00,1167.23,1266.23,3/14/2026,52336
Evening Cashier,2812.72,0.00,396.00,0.00,2416.72,2812.72,3/14/2026,52337
Morning Cashier,1543.52,0.00,0.00,0.00,1543.52,1543.52,3/15/2026,52350
Evening Cashier,1442.52,0.00,0.00,0.00,1442.52,1442.52,3/15/2026,52351
Morning Cashier,1246.41,0.00,99.00,0.00,1147.41,1246.41,3/16/2026,52358
Evening Cashier,2960.82,0.00,498.00,0.00,2462.82,2960.82,3/16/2026,52359
Morning Cashier,1573.54,0.00,99.00,0.00,1474.54,1573.54,3/17/2026,52373
Evening Cashier,2306.45,0.00,99.00,0.00,2207.45,2306.45,3/17/2026,52374
Morning Cashier,1326.24,0.00,0.00,0.00,1326.24,1326.24,3/18/2026,52394
Evening Cashier,2063.79,0.00,99.00,0.00,1964.79,2063.79,3/18/2026,52395
Morning Cashier,362.25,0.00,0.00,0.00,362.25,362.25,3/19/2026,52405
Evening Cashier,4235.01,0.00,0.00,0.00,4235.01,4235.01,3/19/2026,52406
Evening Cashier,427.81,0.00,0.00,0.00,427.81,427.81,3/20/2026,52407
Morning Cashier,1315.58,0.00,99.00,0.00,1216.58,1315.58,3/20/2026,52408
Evening Cashier,720.74,0.00,0.00,0.00,720.74,720.74,3/21/2026,52445
Evening Cashier,758.40,0.00,0.00,0.00,758.40,758.40,3/22/2026,52448
Sys Admin,126.50,0.00,0.00,0.00,126.50,126.50,3/23/2026,52454
Evening Cashier,1241.24,0.00,99.00,0.00,1142.24,1241.24,3/23/2026,52455
Morning Cashier,393.86,0.00,0.00,0.00,393.86,393.86,3/23/2026,52456
Evening Cashier,1614.13,0.00,0.00,0.00,1614.13,1614.13,3/24/2026,52545
Morning Cashier,1540.42,0.00,0.00,0.00,1540.42,1540.42,3/24/2026,52546
Sys Admin,-130.53,0.00,0.00,278.00,147.78,-130.53,3/25/2026,52547
Evening Cashier,522.67,0.00,0.00,0.00,522.67,522.67,3/25/2026,52548
Morning Cashier,208.13,0.00,0.00,0.00,208.13,208.13,3/25/2026,52549
Evening Cashier,1028.61,0.00,99.00,0.00,929.61,1028.61,3/26/2026,52550
Morning Cashier,324.87,0.00,0.00,0.00,324.87,324.87,3/26/2026,52551
Sys Admin,112.12,0.00,0.00,0.00,112.12,112.12,3/27/2026,52552
Evening Cashier,764.75,0.00,199.00,0.00,565.75,764.75,3/27/2026,52553
Morning Cashier,253.57,0.00,0.00,0.00,253.57,253.57,3/27/2026,52554
Evening Cashier,878.18,0.00,298.00,0.00,580.18,878.18,3/28/2026,52563
Morning Cashier,253.28,0.00,0.00,0.00,253.28,253.28,3/28/2026,52564
Morning Cashier,1080.69,0.00,397.00,0.00,683.69,1080.69,3/29/2026,52580
Evening Cashier,730.27,0.00,0.00,0.00,730.27,730.27,3/29/2026,52597
Morning Cashier,256.43,0.00,0.00,0.00,256.43,256.43,3/30/2026,52598
Evening Cashier,589.95,0.00,0.00,0.00,589.95,589.95,3/30/2026,52599
Evening Cashier,383.59,0.00,0.00,0.00,383.59,383.59,3/31/2026,52600
Morning Cashier,258.17,0.00,0.00,0.00,258.17,258.17,3/31/2026,52601
Evening Cashier,585.08,0.00,0.00,0.00,585.08,585.08,4/1/2026,52637
Morning Cashier,688.26,0.00,299.00,0.00,389.26,688.26,4/1/2026,52638
Evening Cashier,594.63,0.00,99.00,0.00,495.63,594.63,4/2/2026,52643
Morning Cashier,533.08,0.00,199.00,0.00,334.08,533.08,4/2/2026,52636
Morning Cashier,581.90,0.00,0.00,0.00,581.90,581.90,4/3/2026,52653
Evening Cashier,860.22,0.00,0.00,0.00,860.22,860.22,4/3/2026,52654
Morning Cashier,272.55,0.00,0.00,0.00,272.55,272.55,4/4/2026,52666
Evening Cashier,409.38,0.00,0.00,0.00,409.38,409.38,4/4/2026,52667
Evening Cashier,711.26,0.00,0.00,0.00,711.26,711.26,4/5/2026,52674
Morning Cashier,485.98,0.00,99.00,0.00,386.98,485.98,4/5/2026,52675
Evening Cashier,269.67,0.00,0.00,0.00,269.67,269.67,4/6/2026,52724
Morning Cashier,148.35,0.00,0.00,0.00,148.35,148.35,4/6/2026,52725
Morning Cashier,129.95,0.00,0.00,0.00,129.95,129.95,4/7/2026,52690
Evening Cashier,462.30,0.00,0.00,0.00,462.30,462.30,4/7/2026,52691
Morning Cashier,263.92,0.00,0.00,0.00,263.92,263.92,4/8/2026,52726
Evening Cashier,918.25,0.00,397.00,0.00,521.25,918.25,4/8/2026,52727
Evening Cashier,610.76,0.00,99.00,0.00,511.76,610.76,4/9/2026,52739
Morning Cashier,489.04,0.00,0.00,0.00,489.04,489.04,4/9/2026,52740
Morning Cashier,391.59,0.00,0.00,0.00,391.59,391.59,4/10/2026,52741
Evening Cashier,405.40,0.00,0.00,0.00,405.40,405.40,4/10/2026,52742
Morning Cashier,219.08,0.00,0.00,0.00,219.08,219.08,4/11/2026,52754
Evening Cashier,729.47,0.00,199.00,0.00,530.47,729.47,4/11/2026,52755
Morning Cashier,303.60,0.00,0.00,0.00,303.60,303.60,4/12/2026,52811
Evening Cashier,335.23,0.00,0.00,0.00,335.23,335.23,4/12/2026,52812
Morning Cashier,147.77,0.00,0.00,0.00,147.77,147.77,4/13/2026,52813
Evening Cashier,960.49,0.00,0.00,0.00,960.49,960.49,4/13/2026,52814
Morning Cashier,292.67,0.00,0.00,0.00,292.67,292.67,4/14/2026,52820
Evening Cashier,577.72,0.00,0.00,0.00,577.72,577.72,4/14/2026,52836
Morning Cashier,295.53,0.00,0.00,0.00,295.53,295.53,4/15/2026,52845
Evening Cashier,542.63,0.00,99.00,0.00,443.63,542.63,4/15/2026,52846
Sys Admin,0.00,0.00,0.00,0.00,0.00,0.00,4/15/2026,52847
Morning Cashier,496.20,0.00,0.00,0.00,496.20,496.20,4/16/2026,52866
Evening Cashier,1098.53,0.00,0.00,0.00,1098.53,1098.53,4/16/2026,52867
Morning Cashier,101.78,0.00,0.00,0.00,101.78,101.78,4/17/2026,52868
Evening Cashier,737.84,0.00,99.00,0.00,638.84,737.84,4/17/2026,52877
Morning Cashier,663.52,0.00,99.00,0.00,564.52,663.52,4/18/2026,52883
Evening Cashier,963.75,0.00,199.00,0.00,764.75,963.75,4/18/2026,52885
Morning Cashier,424.34,0.00,0.00,0.00,424.34,424.34,4/19/2026,52897
Evening Cashier,867.79,0.00,99.00,0.00,768.79,867.79,4/19/2026,52898
Morning Cashier,337.81,0.00,0.00,0.00,337.81,337.81,4/20/2026,52917
Evening Cashier,741.75,0.00,0.00,0.00,741.75,741.75,4/20/2026,52922
Evening Cashier,1638.71,-9.00,397.00,0.00,1241.71,1629.65,4/21/2026,52938
Morning Cashier,235.06,0.00,0.00,0.00,235.06,235.06,4/22/2026,52986
Evening Cashier,484.75,0.00,0.00,0.00,484.75,484.75,4/22/2026,52988
Morning Cashier,395.12,0.00,99.00,0.00,296.12,395.12,4/23/2026,53000
Evening Cashier,1137.46,0.00,397.00,0.00,740.46,1137.46,4/23/2026,53001
Morning Cashier,257.42,23.00,99.00,0.00,158.42,280.39,4/24/2026,53008
Evening Cashier,997.07,36.00,0.00,0.00,997.07,1032.91,4/24/2026,53009
Morning Cashier,601.26,-30.00,99.00,0.00,502.26,571.75,4/25/2026,53010
Evening Cashier,1134.23,40.00,99.00,0.00,1035.23,1173.75,4/25/2026,53020
Sys Admin,24.15,0.00,0.00,0.00,24.15,24.15,4/26/2026,53041
Evening Cashier,1196.21,0.00,198.00,0.00,998.21,1196.21,4/26/2026,53052
Evening Cashier,816.00,0.00,99.00,0.00,717.00,816.00,4/27/2026,53053
Morning Cashier,866.96,0.00,0.00,0.00,866.96,866.96,4/27/2026,53054
Evening Cashier,495.76,0.00,99.00,0.00,396.76,495.76,4/28/2026,53075
Morning Cashier,1061.15,0.00,696.00,0.00,365.15,1061.15,4/28/2026,53076
Sys Admin,178.25,0.00,0.00,0.00,178.25,178.25,4/29/2026,53091
Evening Cashier,1165.19,0.00,696.00,0.00,469.19,1165.19,4/29/2026,53092
Morning Cashier,902.85,0.00,99.00,0.00,803.85,902.85,4/29/2026,53093
Evening Cashier,1654.70,0.00,397.00,0.00,1257.70,1654.70,4/30/2026,53102
Morning Cashier,332.65,0.00,0.00,0.00,332.65,332.65,4/30/2026,53103
Evening Cashier,1311.66,0.00,398.00,0.00,913.66,1311.66,5/1/2026,53172
Morning Cashier,278.30,0.00,0.00,0.00,278.30,278.30,5/1/2026,53173
Morning Cashier,494.90,0.00,99.00,0.00,395.90,494.90,5/2/2026,53170
Evening Cashier,1228.99,0.00,198.00,0.00,1030.99,1228.99,5/2/2026,53171
Evening Cashier,2082.76,0.00,996.00,0.00,1086.76,2082.76,5/3/2026,53176
Morning Cashier,420.34,0.00,0.00,0.00,420.34,420.34,5/3/2026,53177
Morning Cashier,390.78,0.00,0.00,0.00,390.78,390.78,5/4/2026,53237
Evening Cashier,1282.00,0.00,596.00,0.00,686.00,1282.00,5/4/2026,53238
Evening Cashier,871.81,0.00,99.00,0.00,772.81,871.81,5/5/2026,53202
Morning Cashier,503.88,0.00,198.00,0.00,305.88,503.88,5/5/2026,53203
Morning Cashier,632.65,0.00,0.00,0.00,632.65,632.65,5/6/2026,53207
Evening Cashier,2815.56,0.00,1692.00,0.00,1123.56,2815.56,5/6/2026,53208
Morning Cashier,485.96,0.00,99.00,0.00,386.96,485.96,5/7/2026,53235
Evening Cashier,1141.44,0.00,199.00,0.00,942.44,1141.44,5/7/2026,53236
Evening Cashier,1386.44,0.00,198.00,0.00,1188.44,1386.44,5/8/2026,53234
Morning Cashier,649.26,0.00,99.00,0.00,550.26,649.26,5/9/2026,53257
Evening Cashier,1281.40,0.00,297.00,0.00,984.40,1281.40,5/9/2026,53258
Sys Admin,499.00,0.00,499.00,0.00,0.00,499.00,5/10/2026,53294
Evening Cashier,2066.63,0.00,99.00,0.00,1967.63,2066.63,5/10/2026,53295
Morning Cashier,31.63,0.00,0.00,0.00,31.63,31.63,5/10/2026,53296
Morning Cashier,839.52,0.00,0.00,0.00,839.52,839.52,5/11/2026,53292
Evening Cashier,2432.30,0.00,594.00,0.00,1838.30,2432.30,5/11/2026,53293
Evening Cashier,2413.64,0.00,297.00,0.00,2116.64,2413.64,5/12/2026,53319
Morning Cashier,1219.70,0.00,398.00,0.00,821.70,1219.70,5/12/2026,53320
Evening Cashier,2343.78,0.00,199.00,0.00,2144.78,2343.78,5/13/2026,53313
Morning Cashier,1055.92,0.00,198.00,0.00,857.92,1055.92,5/13/2026,53314
Morning Cashier,1924.41,0.00,297.00,0.00,1627.41,1924.41,5/14/2026,53331
Evening Cashier,2804.33,0.00,0.00,0.00,2804.33,2804.33,5/14/2026,53332
Morning Cashier,810.22,0.00,0.00,0.00,810.22,810.22,5/15/2026,53341
Evening Cashier,3426.22,0.00,597.00,0.00,2829.22,3426.22,5/15/2026,53342
Morning Cashier,1205.33,0.00,199.00,0.00,1006.33,1205.33,5/16/2026,53346
Evening Cashier,4518.85,0.00,298.00,0.00,4220.85,4518.85,5/16/2026,53347
Evening Cashier,3845.29,0.00,99.00,0.00,3746.29,3845.29,5/17/2026,53413
Morning Cashier,3038.52,0.00,198.00,0.00,2840.52,3038.52,5/18/2026,53411
Evening Cashier,1003.87,0.00,0.00,0.00,1003.87,1003.87,5/18/2026,53412
Sys Admin,139.98,0.00,0.00,0.00,139.98,139.98,5/19/2026,53414
Evening Cashier,2457.16,0.00,298.00,0.00,2159.16,2457.16,5/19/2026,53415
Morning Cashier,1368.00,0.00,198.00,0.00,1170.00,1368.00,5/19/2026,53416
Evening Cashier,4423.44,0.00,99.00,0.00,4324.44,4423.44,5/20/2026,53417
Evening Cashier,6321.45,0.00,795.00,0.00,5526.45,6321.45,5/21/2026,53435
Morning Cashier,1319.91,0.00,99.00,0.00,1220.91,1319.91,5/22/2026,53445
Evening Cashier,3485.92,0.00,0.00,0.00,3485.92,3485.92,5/22/2026,53446
Morning Cashier,449.16,0.00,0.00,0.00,449.16,449.16,5/23/2026,53482
Evening Cashier,4455.50,0.00,198.00,0.00,4257.50,4455.50,5/23/2026,53483
Evening Cashier,3271.56,0.00,198.00,0.00,3073.56,3271.56,5/24/2026,53501
Morning Cashier,2754.88,0.00,199.00,0.00,2555.88,2754.88,5/24/2026,53502
Morning Cashier,2224.61,0.00,199.00,0.00,2025.61,2224.61,5/25/2026,53505
Evening Cashier,2803.39,0.00,198.00,0.00,2605.39,2803.39,5/25/2026,53506
Morning Cashier,1367.37,0.00,0.00,0.00,1367.37,1367.37,5/26/2026,53514
Evening Cashier,1257.12,0.00,99.00,0.00,1158.12,1257.12,5/26/2026,53515
Morning Cashier,75.97,0.00,0.00,0.00,75.97,75.97,5/27/2026,53518
Evening Cashier,3093.46,0.00,298.00,0.00,2795.46,3093.46,5/27/2026,53519
Morning Cashier,853.01,0.00,0.00,0.00,853.01,853.01,5/28/2026,53520
Evening Cashier,4095.87,0.00,0.00,0.00,4095.87,4095.87,5/28/2026,53521
Morning Cashier,889.67,0.00,0.00,0.00,889.67,889.67,5/29/2026,53595
Evening Cashier,2172.24,0.00,198.00,0.00,1974.24,2172.24,5/29/2026,53596
Morning Cashier,1034.94,0.00,298.00,0.00,736.94,1034.94,5/30/2026,53540
Evening Cashier,910.31,0.00,0.00,0.00,910.31,910.31,5/30/2026,53541
Morning Cashier,1057.60,0.00,396.00,0.00,661.60,1057.60,5/31/2026,53551
Evening Cashier,1038.53,0.00,0.00,0.00,1038.53,1038.53,5/31/2026,53552
Morning Cashier,376.76,0.00,0.00,0.00,376.76,376.76,6/1/2026,53583
Evening Cashier,1289.60,0.00,199.00,0.00,1090.60,1289.60,6/1/2026,53584
Morning Cashier,263.35,0.00,0.00,0.00,263.35,263.35,6/2/2026,53597
Evening Cashier,446.43,0.00,0.00,0.00,446.43,446.43,6/2/2026,53598
Evening Cashier,562.05,0.00,0.00,0.00,562.05,562.05,6/3/2026,53629
Morning Cashier,340.10,0.00,0.00,0.00,340.10,340.10,6/3/2026,53594
Morning Cashier,431.84,0.00,0.00,0.00,431.84,431.84,6/4/2026,53627
Evening Cashier,432.98,0.00,0.00,0.00,432.98,432.98,6/4/2026,53628
Morning Cashier,277.72,0.00,0.00,0.00,277.72,277.72,6/5/2026,53630
Evening Cashier,457.25,0.00,0.00,0.00,457.25,457.25,6/5/2026,53631
Morning Cashier,590.09,0.00,298.00,0.00,292.09,590.09,6/6/2026,53636
Evening Cashier,1109.56,0.00,0.00,0.00,1109.56,1109.56,6/6/2026,53658
Morning Cashier,811.88,0.00,0.00,0.00,811.88,811.88,6/7/2026,53659
Evening Cashier,1223.65,0.00,199.00,0.00,1024.65,1223.65,6/7/2026,53660
Morning Cashier,396.18,0.00,0.00,0.00,396.18,396.18,6/8/2026,53680
Evening Cashier,411.98,0.00,0.00,0.00,411.98,411.98,6/8/2026,53681
Morning Cashier,432.46,0.00,199.00,0.00,233.46,432.46,6/9/2026,53688
Evening Cashier,329.47,0.00,0.00,0.00,329.47,329.47,6/9/2026,53689
Morning Cashier,270.23,0.00,0.00,0.00,270.23,270.23,6/10/2026,53723
Evening Cashier,1135.33,0.00,199.00,0.00,936.33,1135.33,6/10/2026,53724
Morning Cashier,499.40,0.00,0.00,0.00,499.40,499.40,6/11/2026,53721
Evening Cashier,949.97,0.00,199.00,0.00,750.97,949.97,6/11/2026,53722
Evening Cashier,1132.54,0.00,199.00,0.00,933.54,1132.54,6/12/2026,53729
Evening Cashier,1063.86,0.00,99.00,0.00,964.86,1063.86,6/13/2026,53751
Morning Cashier,315.09,0.00,0.00,0.00,315.09,315.09,6/14/2026,53749
Evening Cashier,806.35,0.00,198.00,0.00,608.35,806.35,6/14/2026,53750
Evening Cashier,817.56,0.00,198.00,0.00,619.56,817.56,6/15/2026,53755
Morning Cashier,368.56,0.00,0.00,0.00,368.56,368.56,6/16/2026,53828
Evening Cashier,518.22,0.00,0.00,0.00,518.22,518.22,6/16/2026,53829
Morning Cashier,204.69,0.00,0.00,0.00,204.69,204.69,6/17/2026,53813
Evening Cashier,774.16,0.00,0.00,0.00,774.16,774.16,6/17/2026,53814
Morning Cashier,277.73,0.00,0.00,0.00,277.73,277.73,6/18/2026,53826
Evening Cashier,626.52,0.00,199.00,0.00,427.52,626.52,6/18/2026,53827
Evening Cashier,303.02,0.00,0.00,0.00,303.02,303.02,6/19/2026,53836
Morning Cashier,1362.54,0.00,699.00,0.00,663.54,1362.54,6/19/2026,53837
Morning Cashier,448.60,0.00,99.00,0.00,349.60,448.60,6/20/2026,53853
Evening Cashier,1286.09,0.00,699.00,0.00,587.09,1286.09,6/20/2026,53854
Morning Cashier,366.85,0.00,0.00,0.00,366.85,366.85,6/21/2026,53858
Evening Cashier,798.11,0.00,0.00,0.00,798.11,798.11,6/21/2026,53859
Morning Cashier,350.73,0.00,0.00,0.00,350.73,350.73,6/22/2026,53886
Evening Cashier,586.63,0.00,99.00,0.00,487.63,586.63,6/22/2026,53887
Morning Cashier,12.07,0.00,0.00,0.00,12.07,12.07,6/23/2026,53893
Evening Cashier,1119.52,0.00,0.00,0.00,1119.52,1119.52,6/23/2026,53894
Morning Cashier,441.04,0.00,0.00,0.00,441.04,441.04,6/24/2026,53918
Evening Cashier,1190.14,0.00,798.00,0.00,392.14,1190.14,6/24/2026,53919
Morning Cashier,431.31,0.00,199.00,0.00,232.31,431.31,6/25/2026,53923
Evening Cashier,774.82,0.00,0.00,0.00,774.82,774.82,6/25/2026,53924
Evening Cashier,935.44,0.00,198.00,0.00,737.44,935.44,6/26/2026,53925
Morning Cashier,184.57,0.00,0.00,0.00,184.57,184.57,6/27/2026,53935
Evening Cashier,857.11,0.00,199.00,0.00,658.11,857.11,6/27/2026,53936
Morning Cashier,627.87,0.00,0.00,0.00,627.87,627.87,6/28/2026,53962
Evening Cashier,418.04,0.00,0.00,0.00,418.04,418.04,6/28/2026,53963
Morning Cashier,583.47,0.00,99.00,0.00,484.47,583.47,6/29/2026,53960
Evening Cashier,1534.58,0.00,499.00,0.00,1035.58,1534.58,6/29/2026,53961
Morning Cashier,685.44,0.00,199.00,0.00,486.44,685.44,6/30/2026,53971
Evening Cashier,1248.33,0.00,0.00,0.00,1248.33,1248.33,6/30/2026,53972
Morning Cashier,839.27,0.00,0.00,0.00,839.27,839.27,7/1/2026,54040
Evening Cashier,318.61,0.00,0.00,0.00,318.61,318.61,7/1/2026,54041
Morning Cashier,318.51,0.00,0.00,0.00,318.51,318.51,7/2/2026,54054
Evening Cashier,1023.89,0.00,99.00,0.00,924.89,1023.89,7/2/2026,54055
